tree
version=v4
num_class=3
num_tree_per_iteration=3
label_index=0
max_feature_idx=27
objective=multiclass num_class:3
feature_names=home_elo_pre away_elo_pre elo_diff_pre diff_rest_days diff_roll_xg_5 diff_roll_sotr_5 home_roll_xg_diff_3 home_roll_xg_for_3 home_roll_xg_against_3 home_roll_sotr_3 home_roll_ppg_3 home_roll_xg_diff_5 home_roll_xg_for_5 home_roll_xg_against_5 home_roll_sotr_5 home_roll_ppg_5 away_roll_xg_diff_3 away_roll_xg_for_3 away_roll_xg_against_3 away_roll_sotr_3 away_roll_ppg_3 away_roll_xg_diff_5 away_roll_xg_for_5 away_roll_xg_against_5 away_roll_sotr_5 away_roll_ppg_5 home_rest_days away_rest_days
feature_infos=[1329.8670145877427:1768.9272361123149] [1329.9375111203326:1772.8171763532205] [-312.60990447175186:428.49446307804828] [-10:11] [-4.8320260000000008:4.1763493999999994] [-0.56388888888888888:0.59999999999999998] [-3.7028500000000002:3.0008616666666668] [0.13219800000000001:3.8502533333333333] [0.27505533333333348:3.9966400000000002] [0.047619047619047616:1] [0:3] [-3.7028500000000002:2.7427163800000001] [0.13219800000000001:3.3071700000000002] [0.29435800000000001:3.9966400000000002] [0.13311688311688311:1] [0:3] [-3.6734212999999998:3.8118799666666661] [0.24077033333333334:4.1753233333333331] [0.13219800000000001:4.0001766666666674] [0:0.91666666666666663] [0:3] [-2.6218305800000001:3.7028500000000002] [0.29435800000000001:3.9966400000000002] [0.13219800000000001:3.1141200000000002] [0:0.875] [0:3] [3:21] [3:21]
tree_sizes=1272 1642 1448 1276 1501 1505 1373 1604 1392 1282 1388 1499 1492 1276 1500 1289 1403 1500 1605 1378 1486 1604 1408 1182 1284 1506 1188 1295 1398 1395 1289 1409 1180 1390 1615 1294 1609 1510 1202 1393 1419 1181 1491 1416 1198 1393 1407 1199 1396 1309 1202 1390 1410 1196 1404 1396 1194 1410 1507 1306 1405 1608 1209 1615 1418 1204 1410 1516 1201 1405 1204 1199 1521 1416 1200 1515 1418 1204 1414 1526 1300 1518 1723 1307 1301 1521 1304 1303 1614 1312 1521 1309 1716 1520 1311 1189 1282 1620 1288 1521 1710 1198 1395 1419 1411 1515 1519 1183 1519 1317 1313 1410 1623 1512 1311 1612 1302 1625 1413 1510 1408 1402 1410 1407 1416 1492 1412 1423 1512 1411 1411 1408 1517 985 1409 1416 1421 1097 1390 988 1201 1410 1102 1303 1618 884 1313 1516 1102 979 1411 782 1092 1401 781 1093 1511 888 1096 1518 996 1306 1411 993 1094

Tree=0
num_leaves=11
num_cat=0
split_feature=2 2 8 16 22 22 25 19 12 17
split_gain=49.5689 14.2902 12.463 8.27377 6.46288 7.73196 4.59464 4.35556 2.4816 0.156294
threshold=59.465245423254608 188.60849823064441 0.94416433333333349 -0.44586466666666652 1.2808881750000001 0.91886880000000015 1.9000000000000001 0.44828042328042333 1.4795267000000003 1.0953655000000002
decision_type=2 2 2 2 2 2 2 2 2 2
left_child=2 4 -1 -4 5 -2 -5 -6 -3 -10
right_child=1 8 3 6 7 -7 -8 -9 9 -11
leaf_value=-0.76629040006750404 -0.77723569821937155 -0.76734844116606449 -0.7740666955470219 -0.78443436625208407 -0.76825954827696408 -0.76211043654873367 -0.79353712852168146 -0.78052360658935616 -0.76110225511792717 -0.7519147138518435
leaf_weight=12.670462667942045 19.378354668617249 10.0618380010128 17.515051335096359 52.917814671993256 16.024408668279648 40.620012670755386 45.464601337909698 35.030102670192719 9.3165166676044482 19.378354668617249
leaf_count=34 52 27 47 142 43 109 122 94 25 52
internal_value=-0.775424 -0.767629 -0.784496 -0.786565 -0.771378 -0.766978 -0.788801 -0.776572 -0.75731 -0.754248
internal_weight=278.378 149.81 128.568 115.897 111.053 59.9984 98.3824 51.0545 38.7567 28.6949
internal_count=747 402 345 311 298 161 264 137 104 77
is_linear=0
shrinkage=1


Tree=1
num_leaves=15
num_cat=0
split_feature=0 26 12 7 12 15 12 16 0 16 13 0 4 7
split_gain=11.0133 6.55956 7.37759 7.79555 4.56263 6.20545 5.57762 4.08612 3.52989 1.94211 1.86242 1.38518 3.37778 1.09053
threshold=1486.7326887483216 6.5000000000000009 1.1928582000000003 0.91631716666666685 1.0589172300000003 0.55000000000000016 1.1086577 -0.3877886499999999 1454.8441960007096 0.082369333333333447 1.8003505000000002 1550.693926304242 0.26669010000000004 1.5339216666666668
decision_type=2 2 2 2 2 2 2 2 2 2 2 2 2 2
left_child=4 11 3 -3 8 -6 -7 -4 10 -10 -1 13 -13 -2
right_child=1 2 7 -5 5 6 -8 -9 9 -11 -12 12 -14 -15
leaf_value=-1.3585063830723416 -1.375325281753405 -1.3619280416051334 -1.3541728399639725 -1.3367227930876218 -1.3343801188116728 -1.3378024659411356 -1.3558802738103821 -1.3665815509281836 -1.3700984590355543 -1.3574074867372776 -1.3468663493427206 -1.3547935032356921 -1.3706389650861712 -1.3642692440159272
leaf_weight=14.322349429130556 15.754584372043611 8.5934096574783343 14.035902440547941 9.452750623226164 7.4476217031478873 7.1611747145652762 47.263753116130829 35.232979595661163 11.457879543304445 7.1611747145652762 8.3069626688957197 8.0205156803131121 12.603667497634886 7.1611747145652762
leaf_count=50 55 30 49 33 26 25 165 123 40 25 29 28 44 25
internal_value=-1.35857 -1.36293 -1.35895 -1.34838 -1.35389 -1.3505 -1.35313 -1.36299 -1.359 -1.3653 -1.35383 -1.36888 -1.36449 -1.37234
internal_weight=213.976 110.855 67.315 18.0462 103.121 61.8725 54.4249 49.2689 41.2484 18.6191 22.6293 43.5399 20.6242 22.9158
internal_count=747 387 235 63 360 216 190 172 144 65 79 152 72 80
is_linear=0
shrinkage=1


Tree=2
num_leaves=13
num_cat=0
split_feature=2 2 16 7 5 2 5 13 18 24 21 2
split_gain=37.0699 10.9496 8.68654 7.14124 6.40991 6.27873 5.97576 4.77915 3.87298 3.49623 2.81744 2.35982
threshold=21.720747981089065 100.88496331995215 0.31634616666666687 1.6424735000000001 -0.030418470418470452 -5.5837921237285846 -0.21680608607079191 1.1597903000000003 0.85724650000000013 0.35100732600732604 1.0304999000000004 188.60849823064441
decision_type=2 2 2 2 2 2 2 2 2 2 2 2
left_child=4 2 7 -4 6 -6 10 -2 -8 -3 -1 -11
right_child=1 9 3 -5 5 -7 8 -9 -10 11 -12 -13
leaf_value=-1.2675224989947769 -1.257568763859864 -1.2622573313221181 -1.245645939959771 -1.2687686452073845 -1.2530991861615466 -1.2757450529415986 -1.233234594688335 -1.2716009212022923 -1.2494186528710778 -1.2727752812011535 -1.2517279684463785 -1.2807196255133813
leaf_weight=8.2084479331970233 11.55263042449951 7.6004147529602042 13.984763145446779 7.6004147529602042 10.336564064025881 7.6004147529602042 9.4245142936706525 41.954289436340332 27.665509700775146 44.994455337524414 7.9044313430786124 28.273542881011963
leaf_count=27 38 25 46 25 34 25 31 138 91 148 26 93
internal_value=-1.26421 -1.26966 -1.26417 -1.25372 -1.25234 -1.2629 -1.24891 -1.26847 -1.24455 -1.27472 -1.25961 -1.27605
internal_weight=227.1 155.961 75.0921 21.5852 71.1399 17.937 53.2029 53.5069 37.09 80.8684 16.1129 73.268
internal_count=747 513 247 71 234 59 175 176 122 266 53 241
is_linear=0
shrinkage=1


Tree=3
num_leaves=11
num_cat=0
split_feature=4 0 24 7 1 4 0 7 0 1
split_gain=37.2535 14.7813 7.23471 6.85647 6.70359 4.64572 4.09879 3.94816 3.0058 1.04767
threshold=-0.19168599999999983 1531.2145281907581 0.41756493506493514 0.94052400000000003 1535.5627348346554 -1.5119741 1427.8219395283616 1.8030546666666669 1598.8767879685277 1598.8571622060865
decision_type=2 2 2 2 2 2 2 2 2 2
left_child=2 3 -1 -2 8 9 -7 -5 -3 -4
right_child=1 4 5 7 -6 6 -8 -9 -10 -11
leaf_value=0.0061647704366725696 0.011671400497110263 0.011136054677908376 -0.021226094634689746 0.00050347839737352939 0.00018614497710826329 -0.016498452174868089 -0.0051169963981995527 -0.011805521467192069 0.02175897742593845 -0.010363624891575454
leaf_weight=12.672993987798689 18.270199924707413 25.73955312371254 13.389126777648928 52.180911034345627 11.929711580276487 14.877758353948591 79.318672031164169 11.923702359199522 27.261422753334045 10.788424193859099
leaf_count=34 49 69 36 140 32 40 213 32 73 29
internal_value=0 0.00687927 -0.00772645 0.00118878 0.0139407 -0.00926956 -0.00709006 -0.00190149 0.0169388 -0.0170627
internal_weight=278.352 147.306 131.047 82.3748 64.9307 118.374 94.1964 64.1046 53.001 24.1776
internal_count=747 395 352 221 174 318 253 172 142 65
is_linear=0
shrinkage=0.02


Tree=4
num_leaves=13
num_cat=0
split_feature=0 26 12 7 12 16 5 23 5 14 24 17
split_gain=10.6446 6.43945 7.14742 7.52406 4.44455 4.0069 3.5261 5.09216 5.00627 2.59676 1.57974 1.75727
threshold=1486.7326887483216 6.5000000000000009 1.1928582000000003 0.91631716666666685 1.4545519000000002 -0.3877886499999999 -0.21680608607079191 1.1282886000000001 0.02319930069930071 0.50497835497835508 0.6165972915972916 1.1011671666666667
decision_type=2 2 2 2 2 2 2 2 2 2 2 2
left_child=4 10 3 -3 6 -4 7 -1 -8 -6 11 -2
right_child=1 2 5 -5 9 -7 8 -9 -10 -11 -12 -13
leaf_value=-0.00093215493010043149 -0.0043715487779756442 -0.003335494014354855 0.0043654351193668775 0.02137358384664435 0.018391261944735914 -0.0079251397077519624 -0.0028811738854724791 0.021554233014139099 0.0087780579374608612 0.0028090077882818639 -0.0013000483574711779 -0.014819198934020523
leaf_weight=7.2021208703517896 10.824452757835386 8.5843025147914904 14.050745040178297 9.553601533174513 12.083861202001573 35.070899039506912 49.375570952892303 7.493584930896759 19.792752951383591 7.4678619503974906 7.4215684831142417 25.046098560094833
leaf_count=25 38 30 49 33 42 123 172 26 69 26 26 88
internal_value=0 -0.00429564 -0.000359861 0.0100115 0.00458955 -0.00435269 0.00248405 0.0110493 0.000504205 0.0129631 -0.010219 -0.0119248
internal_weight=213.967 110.552 67.2595 18.1379 103.416 49.1216 83.864 14.6957 69.1683 19.5517 43.2921 35.8706
internal_count=747 387 235 63 360 172 292 51 241 68 152 126
is_linear=0
shrinkage=0.02


Tree=5
num_leaves=13
num_cat=0
split_feature=1 11 4 4 19 13 19 19 0 11 12 16
split_gain=33.7054 13.8614 7.85052 5.12952 4.47614 3.70465 3.47192 3.72201 3.10487 2.88529 1.55525 0.679024
threshold=1505.5605911026578 0.42987150000000007 -0.49303488999999995 -0.032266566666666767 0.56701839826839839 0.7390907000000001 0.47007275132275134 0.58875661375661392 1520.0845170341015 -0.53276009999999996 1.0475328000000002 0.34643376666666692
decision_type=2 2 2 2 2 2 2 2 2 2 2 2
left_child=2 4 6 -3 9 -4 -1 -8 -7 -2 -6 -5
right_child=1 3 5 11 10 8 7 -9 -10 -11 -12 -13
leaf_value=-0.0064897276173864942 -0.0013697344527454527 0.0087805080676326263 0.0036515028880296022 -0.014135761922197048 0.025266004764936845 -0.0068179605064154596 0.01453415960378494 -0.0017923389832550831 -0.014463641686171386 0.011552183441657539 0.014424385157350027 -0.0045529582409435674
leaf_weight=10.632471829652788 9.4633292853832263 7.6316191554069546 7.8632622361183158 8.1859115958213788 11.662233322858809 57.003513306379318 10.966815978288652 9.7437646985053998 38.899293839931488 20.754630565643311 26.681771039962769 7.5973014533519736
leaf_count=35 31 25 26 27 38 188 36 32 129 68 87 25
internal_value=0 0.00928183 -0.00634058 -0.00381748 0.0137747 -0.00897419 0.00232444 0.00703211 -0.010057 0.00752713 0.018331 -0.0101883
internal_weight=227.086 91.9768 135.109 23.4148 68.562 103.766 31.3431 20.7106 95.9028 30.218 38.344 15.7832
internal_count=747 301 446 77 224 343 103 68 317 99 125 52
is_linear=0
shrinkage=0.02


Tree=6
num_leaves=12
num_cat=0
split_feature=2 2 8 25 22 22 7 18 12 3 17
split_gain=45.9522 13.1925 12.0033 7.34323 6.21272 7.44804 5.75739 4.58849 2.34087 0.61218 0.165913
threshold=59.465245423254608 188.60849823064441 0.94416433333333349 1.9000000000000001 1.2808881750000001 0.91886880000000015 0.92347216666666687 1.3941073333333336 1.4795267000000003 1.0000000180025095e-35 1.0953655000000002
decision_type=2 2 2 2 2 2 2 2 2 2 2
left_child=2 4 -1 7 5 -2 -6 -4 -3 -5 -10
right_child=1 8 3 9 6 -7 -8 -9 10 -11 -12
leaf_value=0.0091016315563847237 -0.0018683415267426188 0.0076688611444305802 -0.010485415273125265 -0.01960275509480814 0.011602356780056935 0.012966635877157594 -0.0046009449228568543 0 0.013705069525549028 -0.012549712182163332 0.022616210099789803
leaf_weight=12.671839296817778 19.384375244379044 10.084145337343214 42.398231208324432 26.350948750972748 10.06637069582939 40.691361635923386 41.002160787582397 26.803472310304642 9.3460908234119433 20.047295093536377 19.455779641866684
leaf_count=34 52 27 114 71 27 109 110 72 25 54 52
internal_value=0 0.00748914 -0.00875558 -0.0107915 0.0038848 0.00819494 -0.00120713 -0.00646699 0.0173853 -0.0169266 0.0203486
internal_weight=278.302 150.03 128.272 115.6 111.144 60.0757 51.0685 69.2017 38.886 46.3982 28.8019
internal_count=747 402 345 311 298 161 137 186 104 125 77
is_linear=0
shrinkage=0.02


Tree=7
num_leaves=14
num_cat=0
split_feature=0 26 12 7 12 15 12 16 0 8 16 24 18
split_gain=10.2888 6.31566 6.92319 7.24251 4.34029 5.89073 5.44531 3.9372 3.41962 3.02132 1.89597 1.55339 1.36585
threshold=1486.7326887483216 6.5000000000000009 1.1928582000000003 0.91631716666666685 1.0589172300000003 0.55000000000000016 1.1086577 -0.3877886499999999 1454.8441960007096 1.7917700000000003 0.082369333333333447 0.6165972915972916 0.97094500000000017
decision_type=2 2 2 2 2 2 2 2 2 2 2 2 2
left_child=4 11 3 -3 8 -6 -7 -4 9 -1 -10 12 -2
right_child=1 2 7 -5 5 6 -8 -9 10 -11 -12 -13 -14
leaf_value=-0.0018364817918212846 -0.0043071266839967001 -0.0033003316069707984 0.0043459206369808271 0.020893226001214082 0.023357865422951034 0.020287643248803642 0.0025161255959577607 -0.0078414616651371165 -0.011457444143514371 0.01222913196657844 0.0010836639783110341 -0.0012759012033809983 -0.014163449813867357
leaf_weight=12.634091496467592 9.3377804756164533 8.5702448487281817 14.059809118509291 9.6568720042705518 7.5846734642982474 7.2427124679088584 47.540785014629364 34.913917124271393 11.401571393013002 10.106812059879301 7.1833246648311606 7.4137019217014304 26.283804684877396
leaf_count=44 33 30 49 33 26 25 165 123 40 35 25 26 93
internal_value=0 -0.00423236 -0.000338668 0.00983358 0.00450308 0.00779381 0.00522305 -0.00428563 -0.000482789 0.0045823 -0.00670018 -0.0101213 -0.0118225
internal_weight=213.93 110.236 67.2008 18.2271 103.694 62.3682 54.7835 48.9737 41.3258 22.7409 18.5849 43.0353 35.6216
internal_count=747 387 235 63 360 216 190 172 144 79 65 152 126
is_linear=0
shrinkage=0.02


Tree=8
num_leaves=12
num_cat=0
split_feature=2 2 16 7 16 13 24 8 23 19 2
split_gain=34.3297 10.417 8.13298 6.78635 4.82494 4.67548 3.47482 2.81384 4.35164 2.73412 2.26561
threshold=21.720747981089065 100.88496331995215 0.31634616666666687 1.6424735000000001 -0.34724033333333332 1.1597903000000003 0.35100732600732604 1.3860713333333334 1.2716773000000001 0.50769230769230778 188.60849823064441
decision_type=2 2 2 2 2 2 2 2 2 2 2
left_child=4 2 5 -4 -1 -2 -3 8 -6 -9 -8
right_child=1 6 3 -5 7 -7 10 9 -10 -11 -12
leaf_value=-0.0028857138072940396 0.0066210542145685907 0.002168062786480142 0.017871350034732593 -0.0045918902131279133 0.012687614712478694 -0.0072629388669974183 -0.0084023706198903311 0.0069895660304275242 -0.0047269526229703753 0.019775823790575024 -0.016248890011974455
leaf_weight=7.932843178510665 11.55813893675804 7.5424747169017783 14.194831103086473 7.6099812388420096 16.688365221023563 41.709934413433075 44.644454717636108 11.336677908897398 7.6541104316711417 28.465623378753662 27.711363703012466
leaf_count=26 38 25 46 25 54 138 148 37 25 92 93
internal_value=0 -0.00529947 3.89696e-05 0.0100863 0.0113123 -0.00414703 -0.0102787 0.0131162 0.0071625 0.0164436 -0.0116153
internal_weight=227.049 154.971 75.0729 21.8048 72.0776 53.2681 79.8983 64.1448 24.3425 39.8023 72.3558
internal_count=747 513 247 71 234 176 266 208 79 129 241
is_linear=0
shrinkage=0.02


Tree=9
num_leaves=11
num_cat=0
split_feature=2 2 8 16 17 17 23 4 12 17
split_gain=44.0351 12.6782 11.6597 7.64218 6.03446 5.25577 3.79128 3.00582 2.27136 0.15866
threshold=59.465245423254608 188.60849823064441 0.94416433333333349 -0.44586466666666652 1.5331458333333339 1.0484178333333334 1.2581250000000004 -0.6525148999999999 1.4795267000000003 1.0953655000000002
decision_type=2 2 2 2 2 2 2 2 2 2
left_child=2 4 -1 -4 5 -2 -6 -5 -3 -10
right_child=1 8 3 7 6 -7 -8 -9 9 -11
leaf_value=0.0090087127225616202 0.00097630728817100067 0.0074642687859548052 0.0014082810076556553 -0.01575080229123928 0.0048057963315408913 0.011265328676031867 -0.009134928430307384 -0.008106266739257191 0.013420306767897676 0.022156536287090644
leaf_weight=12.677984446287153 36.938548654317856 10.093349069356917 17.50761952996254 57.779853671789169 11.930350244045259 43.685675889253616 18.634992778301239 40.113852143287659 9.3561725318431872 19.481292456388474
leaf_count=34 99 27 47 156 32 117 50 108 25 52
internal_value=0 0.00732394 -0.00858251 -0.0105931 0.00379015 0.00664556 -0.00365032 -0.0127522 0.017019 0.0199339
internal_weight=278.2 150.12 128.079 115.401 111.19 80.6242 30.5653 97.8937 38.9308 28.8375
internal_count=747 402 345 311 298 216 82 264 104 77
is_linear=0
shrinkage=0.02


Tree=10
num_leaves=12
num_cat=0
split_feature=0 26 12 12 16 12 12 18 19 24 18
split_gain=9.94366 6.2012 6.72015 4.23233 3.85315 3.41689 4.04217 3.3487 2.52657 1.5272 1.35123
threshold=1486.7326887483216 6.5000000000000009 1.1928582000000003 1.4545519000000002 -0.3877886499999999 1.3570206 1.0589172300000003 1.4082816666666671 0.57293771043771058 0.6165972915972916 0.97094500000000017
decision_type=2 2 2 2 2 2 2 2 2 2 2
left_child=3 9 7 5 -4 6 -1 -3 -5 10 -2
right_child=1 2 4 8 -6 -7 -8 -9 -10 -11 -12
leaf_value=-0.00048122015287284419 -0.0042460209939090537 0.017194775687479253 0.0043043684055835687 0.0058689669163061817 -0.0077539548145662534 -0.00922367835701496 0.0086471025054064895 0.00018627566010624174 0.021119682532389623 -0.0012557786025489228 -0.014064851814726156
leaf_weight=41.320662677288055 9.3095018267631513 9.6423294544219988 14.079208135604857 12.196856945753099 34.74880263209343 8.088744103908537 34.790266126394272 8.662761986255644 7.568624109029769 7.4068920314311972 26.069590359926224
leaf_count=144 33 33 49 42 123 28 120 30 26 26 93
internal_value=0 -0.00417022 -0.000315496 0.00441769 -0.00422028 0.00236251 0.00372342 0.00967581 0.0125409 -0.0100274 -0.0117239
internal_weight=213.884 109.919 67.1331 103.965 48.828 84.1997 76.1109 18.3051 19.7655 42.786 35.3791
internal_count=747 387 235 360 172 292 264 63 68 152 126
is_linear=0
shrinkage=0.02


Tree=11
num_leaves=13
num_cat=0
split_feature=2 2 16 12 1 13 9 24 2 13 27 2
split_gain=32.9673 10.1385 7.82482 6.66764 5.44101 4.57586 4.22363 3.43263 3.16343 3.1645 2.42917 2.2122
threshold=21.720747981089065 100.88496331995215 0.31634616666666687 1.5651479000000001 1557.4184575379943 1.1597903000000003 0.45069444444444456 0.35100732600732604 -111.80423247152702 1.2660764000000002 7.5000000000000009 188.60849823064441
decision_type=2 2 2 2 2 2 2 2 2 2 2 2
left_child=4 2 5 -4 6 -2 10 -3 -6 -10 -1 -9
right_child=1 7 3 -5 8 -7 -8 11 9 -11 -12 -13
leaf_value=0.013762547041301205 0.0065509050361947478 0.0022146941169753354 0.018700976513829209 -0.0028730976544241757 0.0077328846651480744 -0.0071793174978416535 -0.0056843849290228558 -0.0083154366613238211 0.0086765222305997831 0.025717870620101568 0.00022471179600384685 -0.01610504061047419
leaf_weight=15.478418081998827 11.581521958112715 7.5299360156059256 12.754222482442858 9.1754621565341932 14.650798261165617 41.553058832883835 9.8129594326019269 44.459833413362503 8.3469834625720996 15.946823596954344 8.3151673376560193 27.392717480659485
leaf_count=50 38 25 41 30 47 138 32 148 27 51 27 93
internal_value=0 -0.00522039 3.81353e-05 0.00985545 0.0110314 -0.00408392 0.00483762 -0.0101564 0.0160713 0.0205163 0.00931201 -0.0114929
internal_weight=226.998 154.447 75.0643 21.9297 72.5512 53.1346 33.6065 79.3825 38.9446 24.2938 23.7936 71.8526
internal_count=747 513 247 71 234 176 109 266 125 78 77 241
is_linear=0
shrinkage=0.02


Tree=12
num_leaves=13
num_cat=0
split_feature=4 0 4 12 0 6 4 14 13 12 10 14
split_gain=33.1811 13.1784 5.58049 5.23959 5.00945 4.89384 4.74345 3.69204 3.0762 2.83574 1.88998 1.54135
threshold=-0.19168599999999983 1531.2145281907581 -1.5119741 1.0816836000000001 1427.8219395283616 -0.38663399999999992 0.43319280000000021 0.48464285714285721 1.2993023000000001 1.6410114000000002 2.1666666666666674 0.44825396825396829
decision_type=2 2 2 2 2 2 2 2 2 2 2 2
left_child=2 3 11 7 -4 -6 8 -2 -3 -5 -8 -1
right_child=1 6 4 9 5 -7 10 -9 -10 -11 -12 -13
leaf_value=-0.019707973925924153 0.014401990925832235 -0.0029842230481171923 -0.015247104883602315 -0.0049231781540143935 0.0012254884847094818 -0.0080029612963968128 0.020825363464753509 -0.0010783927018678673 0.012051580708470134 0.0047118365742837417 0.011194686368329555 -0.0076662383691984285
leaf_weight=15.497568547725679 15.304091304540636 10.088218599557878 15.89906460046768 41.72830668091774 46.480990529060364 43.44559907913208 23.961445182561874 9.3296033740043622 9.7257581949233991 16.028215765953064 21.334006369113922 9.2401236593723279
leaf_count=42 41 27 43 112 125 117 64 25 26 43 57 25
internal_value=0 0.00647526 -0.00731821 0.00109782 -0.00519698 -0.00324997 0.0131301 0.00864768 0.00452449 -0.00218061 0.0166723 -0.0157604
internal_weight=278.063 147.5 130.563 82.3902 105.826 89.9266 65.1094 24.6337 19.814 57.7565 45.2955 24.7377
internal_count=747 395 352 221 285 242 174 66 53 155 121 67
is_linear=0
shrinkage=0.02


Tree=13
num_leaves=11
num_cat=0
split_feature=14 9 3 5 7 0 15 13 10 2
split_gain=9.78746 5.42606 8.37882 8.23011 6.41543 4.92756 3.28587 3.22401 2.30726 2.75149
threshold=0.58543650793650803 0.44484126984126993 -1.4999999999999998 -0.081208513708513744 0.91631716666666685 1476.6938394067474 0.90000000000000013 1.3838033000000001 2.1666666666666674 125.82242647028762
decision_type=2 2 2 2 2 2 2 2 2 2
left_child=1 3 -3 5 -4 -1 -5 8 -2 -10
right_child=7 2 4 6 -6 -7 -8 -9 9 -11
leaf_value=0.0086632106665807621 -0.014371328985736447 -0.013074992998702895 -0.0057955827832682728 0 0.01050670997775029 -0.0039458915215043015 -0.01285804590259983 0.0038930095223418779 -0.013031065930998127 0.0019469994875239225
leaf_weight=31.727122873067856 22.057597249746323 7.3565128445625296 10.551142632961271 12.337980121374128 62.709344238042831 18.951040834188461 22.783385127782822 7.0845771431922904 7.3335886001586941 10.956668347120283
leaf_count=109 78 26 37 43 218 66 80 25 26 39
internal_value=0 0.00229646 0.00599347 -0.00118322 0.00808546 0.00392424 -0.00851297 -0.00791228 -0.0100775 -0.00431907
internal_weight=213.849 166.417 80.617 85.7995 73.2605 50.6782 35.1214 47.4324 40.3479 18.2903
internal_count=747 579 281 298 255 175 123 168 143 65
is_linear=0
shrinkage=0.02


Tree=14
num_leaves=13
num_cat=0
split_feature=2 2 16 12 5 2 5 13 24 2 21 2
split_gain=31.637 9.86148 7.54253 6.41295 5.65206 5.95525 5.74991 4.47444 3.38227 3.17267 2.53599 2.16722
threshold=21.720747981089065 100.88496331995215 0.31634616666666687 1.5651479000000001 -0.030418470418470452 -5.5837921237285846 -0.21680608607079191 1.1597903000000003 0.35100732600732604 -111.80423247152702 1.0304999000000004 188.60849823064441
decision_type=2 2 2 2 2 2 2 2 2 2 2 2
left_child=4 2 7 -4 6 -6 10 -2 -3 -8 -1 -10
right_child=1 8 3 -5 5 -7 9 -9 11 -11 -12 -13
leaf_value=-0.003781670750974271 0.0064743685756891165 0.0022451503561254013 0.018258376317347148 -0.0028600215197996056 0.010342531205735818 -0.011608920431707843 0.0055139907424910095 -0.0070969970475992048 -0.0082201923254333256 0.02101620057815265 0.010987760237858555 -0.01596460097692818
leaf_weight=8.3626532554626483 11.607047468423842 7.5216888487339011 12.873414337635042 9.170081824064253 10.542385518550875 7.6287953853607169 7.8499306738376609 41.398072153329849 44.257530480623245 30.417807877063751 8.2125394940376264 27.073154807090759
leaf_count=27 38 25 41 30 34 25 25 138 148 97 26 93
internal_value=0 -0.00513958 3.86995e-05 0.00964347 0.0107561 0.000897518 0.0139122 -0.00402325 -0.0100319 0.0181085 0.00363118 -0.0113673
internal_weight=226.915 153.901 75.0486 22.0435 73.0141 18.1712 54.8429 53.0051 78.8524 38.2677 16.5752 71.3307
internal_count=747 513 247 71 234 59 175 176 266 122 53 241
is_linear=0
shrinkage=0.02


Tree=15
num_leaves=11
num_cat=0
split_feature=2 2 8 16 22 22 7 25 12 17
split_gain=40.8145 11.8212 11.208 7.24716 5.87235 7.11049 5.58995 4.15889 2.1701 0.178537
threshold=59.465245423254608 188.60849823064441 0.94416433333333349 -0.44586466666666652 1.2808881750000001 0.91886880000000015 0.92347216666666687 1.9000000000000001 1.4795267000000003 1.0953655000000002
decision_type=2 2 2 2 2 2 2 2 2 2
left_child=2 4 -1 -4 5 -2 -6 -5 -3 -10
right_child=1 8 3 7 6 -7 -8 -9 9 -11
leaf_value=0.0089541271919692262 -0.0020072652419052708 0.0070941128689795971 0.0014186218263184825 -0.0082196889328301163 0.011292744216415421 0.012472672612443949 -0.0046636927954389878 -0.016901332821316496 0.012870459498932119 0.0214253491911101
leaf_weight=12.679575294256209 19.397679328918457 10.105699390172957 17.504087269306183 52.574888497591019 10.081236481666563 40.767783433198929 41.004708230495453 44.936906695365906 9.36845311522484 19.498041987419128
leaf_count=34 52 27 47 142 27 109 110 122 25 52
internal_value=0 0.00704032 -0.00828331 -0.0102616 0.00362804 0.00781507 -0.00132012 -0.0123718 0.0163966 0.0192398
internal_weight=277.919 150.224 127.695 115.016 111.251 60.1655 51.0859 97.5118 38.9722 28.8665
internal_count=747 402 345 311 298 161 137 264 104 77
is_linear=0
shrinkage=0.02


Tree=16
num_leaves=12
num_cat=0
split_feature=14 3 15 9 1 5 13 13 10 2 22
split_gain=9.49827 5.3158 7.37168 6.34296 8.61012 8.54033 3.16465 2.47457 2.27682 2.71064 0.233215
threshold=0.58543650793650803 -1.0000000180025095e-35 0.45000000000000007 0.43134920634920632 1555.1928138917863 -0.18144466644466642 1.3838033000000001 1.2465730000000002 2.1666666666666674 125.82242647028762 1.4870077000000002
decision_type=2 2 2 2 2 2 2 2 2 2 2
left_child=1 2 -1 5 -5 -3 8 -4 10 -10 -2
right_child=6 3 7 4 -6 -7 -8 -9 9 -11 -12
leaf_value=0.013268836998619832 -0.016434928714990957 0.010318141982204161 0.0015049129336230139 0.013838624455258304 -0.003683613786376373 -0.006663452988122022 0.0038609225845061884 -0.0080532913585305028 -0.012945239756989914 0.001947311521470855 -0.0085431115175310969
leaf_weight=9.060094088315962 14.25107577443123 17.831448405981064 14.243450850248335 42.78384193778038 14.376783013343809 30.904076546430588 7.0924413204193106 37.43967393040657 7.2811110615730312 10.956495136022566 7.6140902042388907
leaf_count=31 51 61 50 148 50 108 25 131 26 39 27
internal_value=0 0.00225389 -0.00241549 0.00494854 0.00940956 -0.000327447 -0.00782059 -0.0054026 -0.00997887 -0.00425822 -0.0142681
internal_weight=213.835 166.639 60.7432 105.896 57.1606 48.7355 47.1952 51.6831 40.1028 18.2376 21.8652
internal_count=747 579 212 367 198 169 168 181 143 65 78
is_linear=0
shrinkage=0.02


Tree=17
num_leaves=13
num_cat=0
split_feature=2 16 18 18 0 23 11 23 12 2 7 23
split_gain=30.5378 12.2562 6.81425 8.8117 4.10961 7.18758 4.33688 3.62855 2.7048 1.24846 2.64085 0.265087
threshold=95.869048364445476 0.35582533333333344 1.3893891666666671 1.1466273333333337 1476.6938394067474 1.1149070000000003 0.46495169999999991 1.5614673000000001 1.0475328000000002 188.60849823064441 1.8453316666666668 1.7984609000000003
decision_type=2 2 2 2 2 2 2 2 2 2 2 2
left_child=1 2 3 -1 5 -3 -6 -4 -2 10 -10 -11
right_child=8 4 7 -5 6 -7 -8 -9 9 11 -12 -13
leaf_value=-0.0036878979833774618 -0.0013272906184862031 0.016711094235382164 -0.011794861824409109 0.014926038057319535 0.022498756358949098 -0.0023669622179044694 0.0049763490228102412 -8.7012620964667937e-05 -0.011955955943793069 -0.016199602795277216 -0.0010876716536368099 -0.0083592924952395429
leaf_weight=17.733952254056931 14.293782830238341 13.97117665410042 16.719460904598236 21.489556580781937 20.995657294988636 15.940961986780165 8.9597312808036786 27.218382328748703 27.13760307431221 21.050350099802021 14.049667298793791 7.2467016279697409
leaf_count=58 48 44 55 70 66 51 29 90 91 73 47 25
internal_value=0 0.00560763 0.000583844 0.00657802 0.012429 0.00673153 0.0176524 -0.00474998 -0.00952161 -0.0111362 -0.00840967 -0.0146139
internal_weight=226.807 143.029 83.1614 39.2235 59.8675 29.9121 29.9554 43.9378 83.7781 69.4843 41.1873 28.2971
internal_count=747 463 273 128 190 95 95 145 284 236 138 98
is_linear=0
shrinkage=0.02


Tree=18
num_leaves=14
num_cat=0
split_feature=2 2 4 22 22 7 2 25 19 23 12 13 17
split_gain=39.3215 11.3937 8.43001 5.69987 6.89993 5.45478 4.81179 3.51054 3.11216 2.404 2.09416 1.55907 0.181703
threshold=59.465245423254608 188.60849823064441 -0.6525148999999999 1.2808881750000001 0.91886880000000015 0.92347216666666687 8.6097480120033669 1.1000000000000003 0.50515873015873025 1.5680573000000002 1.4795267000000003 1.5609578000000002 1.0953655000000002
decision_type=2 2 2 2 2 2 2 2 2 2 2 2 2
left_child=2 3 8 4 -2 -5 9 -8 -1 -4 -3 -10 -12
right_child=1 10 6 5 -6 -7 7 -9 11 -11 12 -13 -14
leaf_value=-0.003671673910588963 -0.0019930596416584327 0.0069546162735480135 -0.0042258496312946531 0.011136951903483188 0.012268325645647445 -0.0046214217697147222 -0.0055413770932259219 0.0073094341725318483 -0.010108340501334667 -0.016230000751491034 0.012605424937548919 -0.018648016711752393 0.021048031035996503
leaf_weight=12.188937634229658 19.395587623119354 10.109059929847716 21.472734868526462 10.088695079088209 40.792997449636459 40.991188257932663 13.022141516208647 20.449608445167542 20.246797055006027 10.000618547201155 9.371411085128786 30.104612588882446 19.494628071784973
leaf_count=33 52 27 58 27 109 110 35 55 55 27 25 82 52
internal_value=0 0.00690861 -0.00813834 0.00355857 0.00768249 -0.00131653 -0.0029786 0.00223611 -0.0133338 -0.00848408 0.0160942 -0.0155168 0.0188879
internal_weight=277.729 150.244 127.485 111.268 60.1886 51.0799 64.9451 33.4717 62.5403 31.4734 38.9751 50.3514 28.866
internal_count=747 402 345 298 161 137 175 90 170 85 104 137 77
is_linear=0
shrinkage=0.02


Tree=19
num_leaves=12
num_cat=0
split_feature=14 9 5 21 1 0 15 13 10 2 22
split_gain=9.22454 5.12735 7.86309 5.51427 6.73336 4.68878 3.22168 3.10847 2.26277 2.67703 0.22845
threshold=0.58543650793650803 0.44484126984126993 -0.081208513708513744 -0.66489609999999999 1463.773229849415 1476.6938394067474 0.90000000000000013 1.3838033000000001 2.1666666666666674 125.82242647028762 1.4870077000000002
decision_type=2 2 2 2 2 2 2 2 2 2 2
left_child=1 2 5 -3 -5 -1 -4 8 10 -10 -2
right_child=7 3 6 4 -6 -7 -8 -9 9 -11 -12
leaf_value=0.0083850174260953741 -0.016342245609393468 -0.0055063218436512259 0 0.018771804389500688 0.0042619216444144898 -0.0039032011284836714 -0.012716363512744498 0.0038330131708249043 -0.01285327895641967 0.0019779367350546131 -0.0084841136350909657
leaf_weight=31.97187528014183 14.106834888458254 13.453114360570906 12.316692024469374 16.805776447057724 50.831461101770401 18.91272896528244 22.544485300779343 7.0990918576717368 7.2241978645324734 10.943327397108076 7.5855880975723258
leaf_count=109 51 47 43 58 176 66 80 25 26 39 27
internal_value=0 0.00221512 -0.0011734 0.00579319 0.00811729 0.003792 -0.00838047 -0.0077308 -0.00988267 -0.00417815 -0.0141775
internal_weight=213.795 166.836 85.7458 81.0904 67.6372 50.8846 34.8612 46.959 39.8599 18.1675 21.6924
internal_count=747 579 298 281 234 175 123 168 143 65 78
is_linear=0
shrinkage=0.02


Tree=20
num_leaves=13
num_cat=0
split_feature=2 2 0 16 5 2 5 0 24 21 27 2
split_gain=29.4718 9.25846 7.3065 6.45731 5.30229 5.75765 5.55797 4.69817 3.34606 2.34369 2.15035 2.08628
threshold=21.720747981089065 100.88496331995215 1482.607832600351 -0.11242466666666683 -0.030418470418470452 -5.5837921237285846 -0.21680608607079191 1462.1204460655056 0.35100732600732604 1.0304999000000004 6.5000000000000009 188.60849823064441
decision_type=2 2 2 2 2 2 2 2 2 2 2 2
left_child=4 2 10 -4 6 -6 9 -8 -3 -1 -2 -10
right_child=1 8 3 -5 5 -7 7 -9 11 -11 -12 -13
leaf_value=-0.0038374538207613506 -0.010903963284564586 0.0024347412834803358 -0.0044223358824250639 0.012618419780259196 0.0099955559448212782 -0.011567488774711315 0.010041539528775387 0.024910600330895597 -0.0080445851682981444 0.010291814798886854 -0.0013911521820517256 -0.015708053044329335
leaf_weight=8.3792304098606127 17.676216572523117 7.4708734750747672 13.256447196006773 23.012522399425507 10.634792178869249 7.6084548830986014 20.858289957046509 17.934588581323624 43.88015353679657 8.3557630181312543 21.181743592023849 26.466727167367935
leaf_count=27 59 25 44 74 34 25 66 56 148 26 70 93
internal_value=0 -0.0050045 0 0.00638476 0.0103005 0.00076484 0.013329 0.0174193 -0.00979306 0.00328703 -0.00593364 -0.0111356
internal_weight=226.716 152.945 75.1269 36.269 73.7711 18.2432 55.5279 38.7929 77.8178 16.735 38.858 70.3469
internal_count=747 513 247 118 234 59 175 122 266 53 129 241
is_linear=0
shrinkage=0.02


Tree=21
num_leaves=14
num_cat=0
split_feature=2 2 4 17 17 2 23 25 19 23 12 2 17
split_gain=37.7968 11.0059 8.16305 5.52545 5.32301 4.64203 4.15931 3.42632 3.03327 2.35579 2.03623 1.17623 0.17883
threshold=59.465245423254608 188.60849823064441 -0.6525148999999999 1.5034008333333333 1.0484178333333334 8.6097480120033669 1.2581250000000004 1.1000000000000003 0.50515873015873025 1.5680573000000002 1.4795267000000003 -122.0152137432061 1.0953655000000002
decision_type=2 2 2 2 2 2 2 2 2 2 2 2 2
left_child=2 3 8 4 -2 9 -5 -7 -1 -4 -3 -10 -12
right_child=1 10 5 6 -6 7 -8 -9 11 -11 12 -13 -14
leaf_value=-0.0035737882425477007 0.00065002832773884082 0.0067953175133211533 -0.0041150316232786335 0.005346907721878613 0.011063440678017454 -0.0054809995910694142 -0.0089714304865365739 0.0072146603315279417 -0.0080882431450176647 -0.016003332726571041 0.012365813897124628 -0.01706433226663823 0.020682921322586093
leaf_weight=12.175665885210035 36.982372730970383 10.112216234207152 21.448359370231632 12.306053817272185 42.261301934719086 13.015590965747831 19.736177951097488 20.46112248301506 11.33980619907379 9.9750221371650678 9.371613562107088 38.845387935638428 19.482284814119339
leaf_count=33 99 27 58 33 113 35 53 55 31 27 25 106 52
internal_value=0 0.00676896 -0.00799017 0.00347703 0.00629718 -0.00291346 -0.00341644 0.00220483 -0.0131127 -0.00832771 0.0157983 -0.0152728 0.0185533
internal_weight=277.513 150.252 127.261 111.286 79.2437 64.9001 32.0422 33.4767 62.3609 31.4234 38.9661 50.1852 28.8539
internal_count=747 402 345 298 212 175 86 90 170 85 104 137 77
is_linear=0
shrinkage=0.02


Tree=22
num_leaves=12
num_cat=0
split_feature=14 3 0 9 1 5 15 8 11 2 23
split_gain=8.95483 5.09217 7.32219 6.00543 8.27299 8.10485 5.83284 2.68386 2.29702 1.44702 3.14201
threshold=0.58543650793650803 -1.0000000180025095e-35 1463.3199554092623 0.43134920634920632 1555.1928138917863 -0.18144466644466642 0.67500000000000016 1.4027658333333333 0.32050740000000005 125.82242647028762 1.1920441000000002
decision_type=2 2 2 2 2 2 2 2 2 2 2
left_child=1 2 6 5 -5 -3 -1 -4 -2 -10 -11
right_child=8 3 7 4 -6 -7 -8 -9 9 10 -12
leaf_value=0.017732580563715451 0.0009352229664277502 0.0099571541778863855 -0.0017093166838118409 0.013427722663558793 -0.0037135043634013306 -0.0065547204045320251 -0.0024666036316460869 -0.012294876381843156 -0.014979109826168202 0.004449865723089432 -0.010792811921212873
leaf_weight=9.4510289430618304 9.3969233334064466 18.005743145942688 18.764356076717377 43.212115079164505 14.394587993621824 30.729780673980713 11.845639109611509 20.621491402387619 13.845354825258253 6.9396784901618984 16.537300318479538
leaf_count=32 33 61 66 148 50 108 41 73 50 25 60
internal_value=0 0.00217697 -0.00239903 0.00480485 0.00912012 -0.000336515 0.00680095 -0.00746839 -0.00764038 -0.00981977 -0.00620772
internal_weight=213.744 167.025 60.6825 106.342 57.6067 48.7355 21.2967 39.3858 46.7193 37.3223 23.477
internal_count=747 579 212 367 198 169 73 139 168 135 85
is_linear=0
shrinkage=0.02


Tree=23
num_leaves=10
num_cat=0
split_feature=2 1 27 16 9 4 12 0 1
split_gain=28.4562 15.1336 4.0256 3.99134 3.70369 2.69029 2.68288 1.22289 1.05179
threshold=95.869048364445476 1505.5605911026578 9.5000000000000018 -0.07058033333333337 0.65039682539682542 0.74011277500000017 1.0475328000000002 1506.9448266145671 1522.4842060137591
decision_type=2 2 2 2 2 2 2 2 2
left_child=1 2 5 -3 -5 -1 -2 -8 -9
right_child=6 3 -4 4 -6 -7 7 8 -10
leaf_value=-0.0063785261034299771 -0.00111201790364298 0.0013529942807770934 0.0086842230448455193 0.014840067114104988 0.00020863900215027369 0.0051021220799295245 -0.004300907538573923 -0.013427863243488212 -0.0049941602799073352
leaf_weight=43.16985809803009 14.17441204190254 14.758164972066877 10.61372074484825 58.125647604465485 8.18520939350128 9.0292230546474439 11.868378251790999 47.139778196811676 9.5130638778209669
leaf_count=142 48 48 35 182 26 30 40 164 32
internal_value=0 0.00536267 -0.00197001 0.0110232 0.0130937 -0.00429647 -0.00928529 -0.0109069 -0.0121576
internal_weight=226.577 143.882 62.8128 81.069 66.3109 52.1991 82.6956 68.5212 56.6528
internal_count=747 463 207 256 208 172 284 236 196
is_linear=0
shrinkage=0.02


Tree=24
num_leaves=11
num_cat=0
split_feature=4 0 7 24 1 7 4 13 12 1
split_gain=28.8013 11.4682 6.26166 6.10101 5.61479 3.83743 3.78504 3.61458 3.27814 1.17108
threshold=-0.19168599999999983 1531.2145281907581 0.94052400000000003 0.41756493506493514 1535.5627348346554 1.8030546666666669 -1.5119741 1.0567496000000003 1.5406157000000003 1598.8571622060865
decision_type=2 2 2 2 2 2 2 2 2 2
left_child=3 2 -2 -1 8 -4 9 -8 -3 -5
right_child=1 4 5 6 -6 -7 7 -9 -10 -11
leaf_value=0.0058857973298675273 0.011008298866178235 0.0049837961921353063 0.00041873126656423898 -0.019634356763510451 -1.2622397911063124e-05 -0.011726779991446879 0.0049941264703692321 -0.0076257791557817617 0.017637239597136888 -0.0087372482269810012
leaf_weight=12.674587070941923 18.314888119697571 11.986572980880736 52.143341958522797 13.099490851163866 11.948882669210432 11.897291988134382 9.2749831676483137 84.16065177321434 41.19221693277359 10.587419658899305
leaf_count=34 49 32 140 36 32 32 25 228 110 29
internal_value=0 0.00602322 0.00100333 -0.00684795 0.0122296 -0.00195249 -0.00828105 -0.00631225 0.0149667 -0.0153959
internal_weight=277.28 147.483 82.3555 129.797 65.1277 64.0406 117.123 93.4356 53.1788 23.6869
internal_count=747 395 221 352 174 172 318 253 142 65
is_linear=0
shrinkage=0.02


Tree=25
num_leaves=13
num_cat=0
split_feature=14 3 0 9 5 1 13 5 13 10 26 22
split_gain=8.69176 4.94808 7.11164 5.83861 7.84543 7.56644 4.00392 3.27811 3.04102 2.26935 1.28935 0.233456
threshold=0.58543650793650803 -1.0000000180025095e-35 1463.3199554092623 0.43316498316498325 -0.18144466644466642 1555.1928138917863 1.2719737 -0.11529942279942283 1.3838033000000001 2.1666666666666674 7.5000000000000009 1.4870077000000002
decision_type=2 2 2 2 2 2 2 2 2 2 2 2
left_child=1 2 7 4 -3 -5 -4 -1 9 11 -11 -2
right_child=8 3 6 5 -6 -7 -8 -9 -10 10 -12 -13
leaf_value=0.014582901474420274 -0.016204395741762318 0.0095073924971420653 0.0013313183475069054 0.013150242447889704 -0.0064947324052523339 -0.003393695484213039 -0.011851668756354655 -0.00053178059354658626 0.003882593303225199 -0.0085052826886235101 0.0016941734747782289 -0.0083367363248979236
leaf_weight=9.8200003206729907 13.884506702423097 18.993606746196747 13.352061301469801 42.879012942314148 30.636555165052414 14.076899707317351 25.87470331788063 11.562700867652891 7.0840732455253592 9.929953485727312 8.0642502903938276 7.5140970945358267
leaf_count=33 51 64 47 146 108 49 92 40 25 36 29 27
internal_value=0 0.00214139 -0.00237458 0.00472616 -0.000264346 0.00903882 -0.00739316 0.00666168 -0.00754879 -0.00969926 -0.00398047 -0.0140265
internal_weight=213.672 167.196 60.6095 106.586 49.6302 56.9559 39.2268 21.3827 46.4769 39.3928 17.9942 21.3986
internal_count=747 579 212 367 172 195 139 73 168 143 65 78
is_linear=0
shrinkage=0.02


Tree=26
num_leaves=10
num_cat=0
split_feature=2 1 12 21 9 12 0 0 5
split_gain=27.4567 14.4602 3.9421 4.34771 3.78439 2.64409 2.62534 1.19649 1.11114
threshold=95.869048364445476 1505.5605911026578 1.5406157000000003 -0.091048899999999974 0.65039682539682542 1.0475328000000002 1475.5700424255526 1506.9448266145671 0.26007936507936519
decision_type=2 2 2 2 2 2 2 2 2
left_child=1 2 3 -1 6 -2 -3 -7 -9
right_child=5 4 -4 -5 -6 7 -8 8 -10
leaf_value=-0.0039932967964286048 -0.0010503591486107561 0.0079183266472400531 -0.012893531528634846 0.007675363236265326 -0.001103744166288161 -0.0042442008964232655 0.01610313115315435 -0.013150809247842649 -0.0037814043761356226
leaf_weight=33.614672988653183 14.140227496623991 35.705710381269455 9.9012683033943159 19.221527516841888 9.0980596840381605 11.83813092112541 36.751506924629211 48.726278781890869 7.4485222101211539
leaf_count=112 48 112 33 62 29 40 115 170 26
internal_value=0 0.00524351 -0.00193881 0.000278268 0.0107494 -0.00916716 0.0122597 -0.010786 -0.0120313
internal_weight=226.446 144.293 62.7375 52.8362 81.5553 82.1532 72.4572 68.0129 56.1748
internal_count=747 463 207 174 256 284 227 236 196
is_linear=0
shrinkage=0.02


Tree=27
num_leaves=11
num_cat=0
split_feature=2 8 2 16 22 22 7 25 12 10
split_gain=35.1365 10.5695 10.2972 6.68882 5.38324 6.62044 5.35508 3.88643 1.89485 0.0161429
threshold=59.465245423254608 0.94416433333333349 188.60849823064441 -0.44586466666666652 1.2808881750000001 0.91886880000000015 0.92347216666666687 1.9000000000000001 1.4795267000000003 2.1666666666666674
decision_type=2 2 2 2 2 2 2 2 2 2
left_child=1 -1 4 -3 5 -2 -6 -5 -4 -10
right_child=2 3 8 7 6 -7 -8 -9 9 -11
leaf_value=0.0090041543635168819 -0.002124477554341198 0.0015503054035766104 0.0065643149055310962 -0.0076908444584172057 0.010935772340196485 0.011834939061647443 -0.0046740610640050714 -0.016107336811954049 0.020375869702204504 0.013227726797153542
leaf_weight=12.667810559272764 19.404314309358597 17.480233937501907 10.113751590251921 52.263025611639023 10.095178306102751 40.819909244775772 40.981880515813828 44.413873344659805 16.449666142463688 12.353962123394011
leaf_count=34 52 47 27 142 27 109 110 122 44 33
internal_value=0 -0.00772476 0.00651933 -0.00966058 0.00333653 0.0073433 -0.00139969 -0.0117032 0.0152602 0.0179238
internal_weight=277.044 126.825 150.219 114.157 111.301 60.2242 51.0771 96.6769 38.9174 28.8036
internal_count=747 345 402 311 298 161 137 264 104 77
is_linear=0
shrinkage=0.02


Tree=28
num_leaves=12
num_cat=0
split_feature=14 3 0 9 1 15 7 13 13 10 2
split_gain=8.4404 4.80184 6.92192 5.65328 7.2695 5.58205 4.60178 3.94617 2.98343 2.25425 2.676
threshold=0.58543650793650803 -1.0000000180025095e-35 1463.3199554092623 0.43316498316498325 1555.1928138917863 0.67500000000000016 1.3464780000000001 1.2719737 1.3838033000000001 2.1666666666666674 125.82242647028762
decision_type=2 2 2 2 2 2 2 2 2 2 2
left_child=1 2 5 6 -5 -1 -3 -4 9 -2 -11
right_child=8 3 7 4 -6 -7 -8 -9 -10 10 -12
leaf_value=0.017147392718954383 -0.013936337998319559 0.0026992856604923687 0.0013318674132665592 0.012881231797387139 -0.0033351305147694215 -0.0025286206998024669 -0.012178100393251826 -0.011767528500257203 0.0038483652661035783 -0.012658966947187178 0.0022585083770146385
leaf_weight=9.5814158916473406 21.22119465470314 40.214365690946579 13.351000517606733 43.159985601902008 14.040212750434874 11.875078290700911 9.4111514389514905 25.719616591930389 7.0919849574565879 7.1016088128089931 10.82417970895767
leaf_count=32 78 139 47 146 49 41 33 92 25 26 39
internal_value=1.48359e-06 0.00210696 -0.0023473 0.00464764 0.00887753 0.00654098 -0.000267428 -0.00731983 -0.00745982 -0.00960309 -0.00390224
internal_weight=213.592 167.353 60.5271 106.826 57.2002 21.4565 49.6255 39.0706 46.239 39.147 17.9258
internal_count=747 579 212 367 195 73 172 139 168 143 65
is_linear=0
shrinkage=0.02


Tree=29
num_leaves=12
num_cat=0
split_feature=2 16 18 18 0 23 13 15 12 21 2
split_gain=26.5376 10.4128 6.42151 8.45164 3.68631 6.68568 3.67935 2.99195 2.58983 1.18906 1.70149
threshold=95.869048364445476 0.35582533333333344 1.3893891666666671 1.1466273333333337 1476.6938394067474 1.1149070000000003 1.3448539000000002 1.4500000000000002 1.0475328000000002 0.61052190000000006 132.51472468620685
decision_type=2 2 2 2 2 2 2 2 2 2 2
left_child=1 2 3 -1 5 -3 -4 -6 -2 10 -10
right_child=8 4 6 -5 7 -7 -8 -9 9 -11 -12
leaf_value=-0.0037861604472567631 -0.0010223618255352763 0.015475232650037998 0.0028874904181384925 0.01437777238781536 0.021664868442405921 -0.0027414646437835524 -0.0089220242739579958 0.0079939277275945467 -0.0059790782031804626 -0.0026718854717120346 -0.013989844748729802
leaf_weight=17.785564720630646 14.124030292034147 14.33245971798897 15.554104387760161 21.745148509740829 17.324882924556736 16.140121787786484 28.285057097673416 13.505089789628981 18.712842285633087 7.9818802773952475 40.821845203638077
leaf_count=58 48 44 51 70 53 51 94 42 64 27 145
internal_value=0 0.00513248 0.000479048 0.00626437 0.0113197 0.00598249 -0.00471646 0.0161784 -0.00905616 -0.0106681 -0.0116453
internal_weight=226.313 144.672 83.3699 39.5307 61.3026 30.4726 43.8392 30.83 81.6406 67.5166 59.5347
internal_count=747 463 273 128 190 95 145 95 284 236 209
is_linear=0
shrinkage=0.02


Tree=30
num_leaves=11
num_cat=0
split_feature=2 8 2 16 17 17 23 25 12 17
split_gain=33.8685 10.3111 9.94314 6.49623 5.21524 5.27285 3.89854 3.79855 1.83766 0.244198
threshold=59.465245423254608 0.94416433333333349 188.60849823064441 -0.44586466666666652 1.497217666666667 1.0484178333333334 1.2581250000000004 1.9000000000000001 1.4795267000000003 1.0953655000000002
decision_type=2 2 2 2 2 2 2 2 2 2
left_child=1 -1 4 -3 5 -2 -6 -5 -4 -10
right_child=2 3 8 7 6 -7 -8 -9 9 -11
leaf_value=0.0089229622247150604 0.00046431484484594755 0.0015346519550888354 0.0064329144962376166 -0.0075605004969419012 0.0052174356382010982 0.010861477268076554 -0.00855076894989917 -0.015890873188642327 0.011519374741025724 0.019755992857239238
leaf_weight=12.672767668962477 36.990178465843201 17.480695456266403 10.113685458898543 52.181835055351257 12.306780606508253 41.533117204904556 20.463354796171188 44.248494207859039 9.3586304783821124 19.405632227659225
leaf_count=34 99 47 27 142 33 111 55 122 25 52
internal_value=0 -0.0075931 0.00639978 -0.0095096 0.00327277 0.00605624 -0.00331953 -0.0115274 0.0149945 0.0176204
internal_weight=276.755 126.584 150.171 113.911 111.293 78.5233 32.7701 96.4303 38.8779 28.7643
internal_count=747 345 402 311 298 210 88 264 104 77
is_linear=0
shrinkage=0.02


Tree=31
num_leaves=12
num_cat=0
split_feature=14 9 3 5 7 19 7 13 10 26 22
split_gain=8.19028 4.68199 7.5957 7.31721 6.01227 3.8089 3.15927 2.92794 2.22823 1.27297 0.239693
threshold=0.58543650793650803 0.44484126984126993 -1.4999999999999998 -0.081208513708513744 0.91631716666666685 0.49375000000000013 0.85854400000000008 1.3838033000000001 2.1666666666666674 7.5000000000000009 1.4870077000000002
decision_type=2 2 2 2 2 2 2 2 2 2 2
left_child=1 3 -3 5 -4 -1 -5 8 10 -10 -2
right_child=7 2 4 6 -6 -7 -8 -9 9 -11 -12
leaf_value=0.01402300641365694 -0.016035554572323866 -0.012865289864604466 -0.0059670811823613196 0.00066268365231200808 0.0097240373521171215 0.0007093856390335524 -0.012115871630415727 0.0038177045881040389 -0.00836422727194641 0.0017945628765198172 -0.0081542000663803876
leaf_weight=10.03233742713928 13.605119138956072 7.2133241891860953 10.63583844900131 10.688663661479948 63.986134678125381 41.17629662156105 23.784015655517578 7.0988605320453635 9.8391373157501238 8.0307909548282606 7.42541480064392
leaf_count=34 51 26 37 38 218 141 85 25 36 29 27
internal_value=2.24325e-06 0.00207054 0.00546662 -0.00117567 0.00741181 0.00357462 -0.00819036 -0.00737116 -0.00950762 -0.00383969 -0.0138401
internal_weight=213.516 167.517 81.8353 85.6813 74.622 51.2086 34.4727 45.9993 38.9005 17.8699 21.0305
internal_count=747 579 281 298 255 175 123 168 143 65 78
is_linear=0
shrinkage=0.02


Tree=32
num_leaves=10
num_cat=0
split_feature=1 6 0 4 0 8 19 19 0
split_gain=24.5646 10.6646 6.92068 6.36639 4.38306 4.27318 3.10618 3.43533 2.44496
threshold=1505.5605911026578 0.87312050000000008 1583.7827765255765 -0.49303488999999995 1477.334905139777 0.6482315000000004 0.47007275132275134 0.58875661375661392 1520.0845170341015
decision_type=2 2 2 2 2 2 2 2 2
left_child=3 2 4 6 -2 -5 -1 -8 -7
right_child=1 -3 -4 5 -6 8 7 -9 -10
leaf_value=-0.0062916855713242214 0.007391726952577074 -0.0085083815158355607 -0.0069694934259590478 0.0049502586802715265 0.017506276964722289 -0.0064166473289164862 0.01362899922392836 -0.0019556282570765003 -0.013445561209624106
leaf_weight=10.518755018711092 40.754173129796982 13.142301529645918 7.5937276482582083 8.3729346096515638 34.002084285020828 54.523043900728226 11.188907951116564 9.7823576033115369 36.26493176817894
leaf_count=35 127 44 25 29 105 184 36 32 130
internal_value=0 0.0076604 0.0103359 -0.00562364 0.012189 -0.00809619 0.00211031 0.00651015 -0.00936201
internal_weight=226.143 95.4923 82.35 130.651 74.7563 99.1609 31.49 20.9713 90.788
internal_count=747 301 257 446 232 343 103 68 314
is_linear=0
shrinkage=0.02


Tree=33
num_leaves=12
num_cat=0
split_feature=2 8 2 18 22 22 7 2 4 12 17
split_gain=32.5347 10.0216 9.63318 6.33391 5.13647 6.35578 5.23659 4.6787 3.22026 1.79477 0.246681
threshold=59.465245423254608 0.94416433333333349 188.60849823064441 1.3941073333333336 1.2808881750000001 0.91886880000000015 0.92347216666666687 22.566388754993458 -0.62804059999999995 1.4795267000000003 1.0953655000000002
decision_type=2 2 2 2 2 2 2 2 2 2 2
left_child=1 -1 4 8 5 -2 -6 -5 -3 -4 -11
right_child=2 3 9 7 6 -7 -8 -9 -10 10 -12
leaf_value=0.0088234379511713708 -0.002163771258217157 -0.015651137973172774 0.0062867525829008617 -0.0076438989536061 0.010763188299391966 0.01150941548212475 -0.0046705319950678895 0.006957620081996403 -0.0067447857314818253 0.011298394140304964 0.019452583529039131
leaf_weight=12.676984846591948 19.404675751924515 49.199605047702789 10.113453537225721 22.352072775363922 10.100155502557753 40.827486157417297 40.963388860225677 13.016908824443815 29.066921442747116 9.350822180509569 19.365991830825806
leaf_count=34 52 136 27 61 27 109 110 35 79 25 52
internal_value=0 -0.00745233 0.00627111 -0.0093466 0.00319461 0.00710834 -0.00143129 -0.00217154 -0.0124955 0.0147372 0.0173343
internal_weight=276.438 126.312 150.126 113.636 111.296 60.2322 51.0635 35.369 78.2665 38.8303 28.7168
internal_count=747 345 402 311 298 161 137 96 215 104 77
is_linear=0
shrinkage=0.02


Tree=34
num_leaves=14
num_cat=0
split_feature=0 26 12 12 18 18 17 1 9 9 0 4 9
split_gain=7.86543 5.88601 6.20628 3.81848 3.07806 2.79756 2.75125 4.38314 3.38968 2.17558 1.51708 3.13301 0.518874
threshold=1486.7326887483216 6.5000000000000009 1.1928582000000003 1.5022591999999999 1.4082816666666671 1.0656065000000001 1.4658990000000003 1557.4184575379943 0.54199735449735464 0.46763468013468018 1550.693926304242 0.26669010000000004 0.51289682539682546
decision_type=2 2 2 2 2 2 2 2 2 2 2 2 2
left_child=3 10 4 6 -3 -4 8 -8 -1 -5 12 -12 -2
right_child=1 2 5 9 -6 -7 7 -9 -10 -11 11 -13 -14
leaf_value=-0.0031921807198394807 -0.016160558822418368 0.016678319393833265 -0.01047811794397184 0.0028044109687942499 0.00034290955284963529 -0.00031524760377710508 0.01152532944206193 -0.0023444918837662392 0.01027785722523143 0.017542082456352255 0.0043045800094776831 -0.011195332107069503 -0.0076074246347083265
leaf_weight=43.253532886505127 12.86951267719269 9.7586251497268695 15.719602108001707 7.3677459657192257 8.6018292307853681 32.193151205778122 22.376421213150024 14.121125519275664 7.968554586172103 10.549059718847273 7.8613755702972439 11.793171435594557 9.0082832276821119
leaf_count=149 47 33 57 25 30 115 76 48 27 35 28 44 33
internal_value=3.08563e-06 -0.00377078 -1.376e-05 0.00387244 0.00954153 -0.00383651 0.00206135 0.00618626 -0.000901683 0.012056 -0.00957755 -0.00499063 -0.0132127
internal_weight=213.442 107.806 66.2732 105.636 18.3605 47.9128 87.7196 36.4975 51.2221 17.9168 41.5323 19.6545 21.8778
internal_count=747 387 235 360 63 172 300 124 176 60 152 72 80
is_linear=0
shrinkage=0.02


Tree=35
num_leaves=11
num_cat=0
split_feature=1 6 0 4 0 19 19 16 1 6
split_gain=23.6516 10.2364 6.66795 6.18601 4.51638 3.02112 3.31879 2.62622 2.46725 2.3885
threshold=1505.5605911026578 0.87312050000000008 1578.4620458576564 -0.49303488999999995 1477.334905139777 0.47007275132275134 0.58875661375661392 -0.93350166666666656 1493.166798955154 -0.15568299999999999
decision_type=2 2 2 2 2 2 2 2 2 2
left_child=3 2 4 5 -2 -1 -7 9 -9 -5
right_child=1 -3 -4 7 -6 6 -8 8 -10 -11
leaf_value=-0.0062329695300888032 0.0071987921403666522 -0.0084020344470071787 -0.0059748734889833698 0.0059618011149628596 0.017481528031281123 0.013362016545639472 -0.0019362237256696454 -0.010888914302091797 0.00024812264083146415 -0.007133024580006208
leaf_weight=10.488496214151384 40.939385563135147 13.069664210081099 8.4957714080810529 8.7825920283794421 33.33908149600029 11.258232831954958 9.7741558253765088 69.474150061607361 8.5256558060646039 11.827855974435804
leaf_count=35 127 44 28 30 102 36 32 243 29 41
internal_value=0 0.00748899 0.0100923 -0.00554313 0.0120116 0.00207024 0.00639665 -0.00799318 -0.00965855 -0.0014428
internal_weight=225.975 95.8439 82.7742 130.131 74.2785 31.5209 21.0324 98.6103 77.9998 20.6104
internal_count=747 301 257 446 229 103 68 343 272 71
is_linear=0
shrinkage=0.02


Tree=36
num_leaves=14
num_cat=0
split_feature=2 2 4 22 22 2 19 25 19 23 12 2 17
split_gain=31.2662 9.33577 7.20947 4.97123 6.17985 4.24966 3.87891 3.38518 2.88066 2.3359 1.75107 1.23429 0.246661
threshold=59.465245423254608 188.60849823064441 -0.6525148999999999 1.2808881750000001 0.91886880000000015 8.6097480120033669 0.44828042328042333 1.1000000000000003 0.50515873015873025 1.5680573000000002 1.4795267000000003 -122.0152137432061 1.0953655000000002
decision_type=2 2 2 2 2 2 2 2 2 2 2 2 2
left_child=2 3 8 4 -2 9 -5 -7 -1 -4 -3 -10 -12
right_child=1 10 5 6 -6 7 -8 -9 11 -11 12 -13 -14
leaf_value=-0.0029121019573218727 -0.0021726483238060194 0.0061483493428368553 -0.0035858695210510484 0.0063997999758159873 0.011307818175154902 -0.005311706304845603 -0.0051636073985174722 0.0073187478877294885 -0.0071221571683009067 -0.015407643931348835 0.011087841213950962 -0.016113983967982231 0.019153674260167949
leaf_weight=12.06813198328018 19.404195427894592 10.112844467163084 21.300564497709278 16.066084027290344 40.829585015773773 12.990197926759718 34.986117988824844 20.42490690946579 11.158629864454268 9.8925784230232221 9.3423204720020312 38.196483284235001 19.320097923278809
leaf_count=33 52 27 58 43 109 35 94 55 31 27 25 106 52
internal_value=0 0.00614503 -0.00731761 0.00311768 0.00696789 -0.00255005 -0.00143315 0.00233885 -0.0121792 -0.00775929 0.0144865 -0.0143026 0.0170545
internal_weight=276.093 150.061 126.031 111.286 60.2338 64.6082 51.0522 33.4151 61.4232 31.1931 38.7753 49.3551 28.6624
internal_count=747 402 345 298 161 175 137 90 170 85 104 137 77
is_linear=0
shrinkage=0.02


Tree=37
num_leaves=13
num_cat=0
split_feature=14 3 0 13 1 17 5 13 5 10 2 22
split_gain=7.79596 4.52492 6.57173 3.84507 3.72793 5.38901 3.0292 2.83946 2.52968 2.24167 2.68065 0.235949
threshold=0.58543650793650803 -1.0000000180025095e-35 1463.3199554092623 1.2719737 1557.4184575379943 1.4658990000000003 -0.11529942279942283 1.3838033000000001 -0.18144466644466642 2.1666666666666674 125.82242647028762 1.4870077000000002
decision_type=2 2 2 2 2 2 2 2 2 2 2 2
left_child=1 2 6 -4 5 -3 -1 9 -6 11 -11 -2
right_child=7 4 3 -5 8 -7 -8 -9 -10 10 -12 -13
leaf_value=0.013819672314177106 -0.015917817488168992 0.0025053593600084805 0.0013236709275242055 -0.011629440727576181 0.004980760469271369 0.013043739031645159 -0.00062299913782064547 0.0037737687906976621 -0.008074663526376492 -0.012497293963821366 0.0025132907187257036 -0.0080653050491157931
leaf_weight=10.005565255880358 13.398778617382051 54.887325793504715 13.345727145671843 25.442914754152298 9.1580208241939562 30.140507191419601 11.599231749773024 7.1059604585170737 13.164196789264677 6.9968936443328884 10.715566426515577 7.3797085285186759
leaf_count=33 51 188 47 92 31 102 40 25 46 26 39 27
internal_value=6.81073e-06 0.00201576 -0.00231757 -0.00720123 0.00447097 0.00637243 0.00629265 -0.00722552 -0.00264882 -0.00935093 -0.00366039 -0.0137191
internal_weight=213.34 167.743 60.3934 38.7886 107.35 85.0278 21.6048 45.5969 22.3222 38.4909 17.7125 20.7785
internal_count=747 579 212 139 367 290 73 168 77 143 65 78
is_linear=0
shrinkage=0.02


Tree=38
num_leaves=10
num_cat=0
split_feature=1 9 12 12 3 17 9 7 25
split_gain=22.7105 7.88544 5.60652 4.15215 3.87064 2.90371 2.82305 1.06489 2.27051
threshold=1505.5605911026578 0.67208994708994718 1.5406157000000003 1.7750136000000001 -1.4999999999999998 1.8294466666666669 0.51680402930402947 1.7714235000000007 1.1000000000000003
decision_type=2 2 2 2 2 2 2 2 2
left_child=2 3 4 5 -1 -2 -6 -4 -9
right_child=1 -3 7 -5 6 -7 -8 8 -10
leaf_value=0.0080797501883783096 0.0069137856125880614 -0.0091967523612493836 -0.015629598597309894 -0.0011196641886784713 -0.0064005911048106105 0.015278403252992984 0.0020771767582635843 -0.0018338860225681087 -0.014322318856272576
leaf_weight=10.879507243633268 39.270632177591324 9.4873374402523023 16.900046557188034 12.718105614185331 57.516098916530609 34.734074890613556 20.493003159761429 12.805766522884371 10.99130395054817
leaf_count=36 123 31 60 42 194 105 70 46 40
internal_value=-7.42614e-07 0.00730966 -0.00545803 0.00922249 -0.00255771 0.0110177 -0.00415006 -0.0115315 -0.00802762
internal_weight=225.796 96.2102 129.586 86.7228 88.8886 74.0047 78.0091 40.6971 23.7971
internal_count=747 301 446 270 300 228 264 146 86
is_linear=0
shrinkage=0.02


Tree=39
num_leaves=12
num_cat=0
split_feature=2 8 2 18 17 17 2 23 25 12 17
split_gain=30.152 9.62939 9.08576 6.1427 4.80261 4.93513 4.42968 3.9303 1.99728 1.68864 0.247745
threshold=59.465245423254608 0.94416433333333349 188.60849823064441 1.3941073333333336 1.5034008333333333 1.0484178333333334 22.566388754993458 1.2581250000000004 1.6750000000000003 1.4795267000000003 1.0953655000000002
decision_type=2 2 2 2 2 2 2 2 2 2 2
left_child=1 -1 4 8 5 -2 -5 -6 -3 -4 -11
right_child=2 3 9 6 7 -7 -8 -9 -10 10 -12
leaf_value=0.0087491331153894975 0.00024959934934625937 -0.0082909163762619944 0.0060701952935530911 -0.0073431967158316081 0.0051340286860790674 0.010261593657694862 0.0068725460902522122 -0.0087906754862454219 -0.01535517979958817 0.010890644884048768 0.018880478489791151
leaf_weight=12.675835460424421 36.994905054569244 36.931217461824417 10.111888796091078 22.258107960224152 12.303902477025987 42.285039722919464 13.022221475839613 19.687701344490051 40.885242015123367 9.3321564793586749 19.269549340009689
leaf_count=34 99 101 27 61 33 113 35 53 114 25 52
internal_value=0 -0.00719721 0.00603221 -0.00906301 0.00304708 0.00567585 -0.00199614 -0.00338135 -0.0121756 0.014269 0.0167971
internal_weight=275.758 125.773 149.985 113.097 111.272 79.2799 35.2803 31.9916 77.8165 38.7136 28.6017
internal_count=747 345 402 311 298 212 96 86 215 104 77
is_linear=0
shrinkage=0.02


Tree=40
num_leaves=12
num_cat=0
split_feature=14 9 3 15 7 0 11 13 10 26 22
split_gain=7.57601 4.59867 7.26065 6.15153 5.7302 4.07362 2.96128 2.79766 2.22337 1.25103 0.230941
threshold=0.58543650793650803 0.44484126984126993 -1.4999999999999998 0.90000000000000013 0.91631716666666685 1471.1260233876621 -0.70062394999999988 1.3838033000000001 2.1666666666666674 7.5000000000000009 1.4870077000000002
decision_type=2 2 2 2 2 2 2 2 2 2 2
left_child=1 3 -3 5 -4 -1 -5 8 10 -10 -2
right_child=7 2 4 6 -6 -7 -8 -9 9 -11 -12
leaf_value=0.0083448647493432355 -0.015832905024550613 -0.012708576283295815 -0.0058712595305909819 0.0020368182960534666 0.0094688584857646352 -0.0062435976266197526 -0.0089376947959335946 0.0037688305798078735 -0.0081287806513342734 0.0019857624260778482 -0.0080135941094190283
leaf_weight=28.822261363267899 13.250431954860689 7.1056395322084418 10.580341607332228 12.725064367055891 64.386341989040375 9.3255521953105909 34.922817766666412 7.1059005856513968 9.6864579916000384 7.9675941765308371 7.3540187478065482
leaf_count=97 51 26 37 44 218 33 124 25 36 29 27
internal_value=1.08857e-05 0.00198625 0.00534633 -0.00122953 0.00722873 0.00465911 -0.00598406 -0.00714087 -0.0092625 -0.00359495 -0.0136348
internal_weight=213.232 167.868 82.0723 85.7957 74.9667 38.1478 47.6479 45.3644 38.2585 17.6541 20.6045
internal_count=747 579 281 298 255 130 168 168 143 65 78
is_linear=0
shrinkage=0.02


Tree=41
num_leaves=10
num_cat=0
split_feature=2 1 27 16 9 13 12 21 2
split_gain=23.3972 11.7083 3.91831 3.38701 3.12186 2.57855 2.53841 1.09545 1.64574
threshold=95.869048364445476 1505.5605911026578 9.5000000000000018 -0.07058033333333337 0.65039682539682542 1.1763394000000003 1.0475328000000002 0.61052190000000006 132.51472468620685
decision_type=2 2 2 2 2 2 2 2 2
left_child=1 2 5 -3 -5 -1 -2 8 -8
right_child=6 3 -4 4 -6 -7 7 -9 -10
leaf_value=0.0057856205673922989 -0.00068688271049559409 0.00078354695361934764 0.0087298040640964789 0.013019192330501292 0 -0.0060092886310230314 -0.0056590035583168842 -0.0025789222674241423 -0.013596163415451784
leaf_weight=7.8860701322555533 13.934057414531706 15.01764330267906 10.590930402278898 60.238037645816803 8.3009433150291425 43.833296686410904 18.423964887857437 7.943716049194335 39.45508100092411
leaf_count=26 48 48 35 182 26 146 64 27 145
internal_value=-3.08003e-06 0.00474293 -0.00178199 0.00959591 0.011459 -0.00409726 -0.00865905 -0.0102812 -0.0112426
internal_weight=225.624 145.867 62.3103 83.5566 68.539 51.7194 79.7568 65.8228 57.879
internal_count=747 463 207 256 208 172 284 236 209
is_linear=0
shrinkage=0.02


Tree=42
num_leaves=13
num_cat=0
split_feature=2 2 22 1 12 13 22 18 12 0 0 17
split_gain=29.0036 11.0017 4.9586 5.09693 2.691 2.5963 4.36204 1.87989 1.65203 1.2642 3.39699 0.252896
threshold=28.061172678801999 188.60849823064441 1.2707303000000001 1468.8328409639039 1.5904386000000001 1.7040864000000002 1.2228042000000003 1.4012153333333335 1.4795267000000003 1464.17712846308 1427.8219395283616 1.0953655000000002
decision_type=2 2 2 2 2 2 2 2 2 2 2 2
left_child=5 2 3 -2 -4 6 -1 -8 -3 10 -7 -10
right_child=1 8 4 -5 -6 9 7 -9 11 -11 -12 -13
leaf_value=0.0040567019550227235 0.00044050188805082032 0.0059180112748370966 -0.0045713818566038237 0.011051459171371384 0.003527021764580245 -0.016790428481288783 -0.011421380123522382 -0.0019045439107623131 0.01066618588239255 -0.019862656497465304 -0.0027041374232349299 0.018589409460492527
leaf_weight=12.562906712293623 37.332126438617706 10.109393149614332 45.539571642875671 35.095683097839355 24.211140900850296 14.048229426145555 32.072305858135223 12.415736913681028 9.3191643655300158 9.3285358250141126 14.130992919206617 19.208193778991699
leaf_count=34 100 27 123 94 65 39 89 34 25 26 39 52
internal_value=0 0.00468297 0.00205314 0.00568988 -0.00172196 -0.00892641 -0.00599924 -0.00890964 0.014014 -0.0130554 -0.0101299 0.0165177
internal_weight=275.374 180.815 142.179 72.4278 69.7507 94.5587 57.0509 44.488 38.6368 37.5078 28.1792 28.5274
internal_count=747 486 382 194 188 261 157 123 104 104 78 77
is_linear=0
shrinkage=0.02


Tree=43
num_leaves=12
num_cat=0
split_feature=14 9 5 7 1 0 7 13 10 20 22
split_gain=7.34564 4.48807 6.92217 6.28734 4.05494 3.95466 3.07094 2.74405 2.2113 1.26457 0.231137
threshold=0.58543650793650803 0.44484126984126993 -0.081208513708513744 0.91631716666666685 1638.7993197732753 1476.6938394067474 0.85854400000000008 1.3838033000000001 2.1666666666666674 1.8333333333333337 1.4870077000000002
decision_type=2 2 2 2 2 2 2 2 2 2 2
left_child=1 2 5 -3 -5 -1 -4 8 10 -10 -2
right_child=7 3 6 4 -6 -7 -8 -9 9 -11 -12
leaf_value=0.0074949857082354356 -0.015753546561698323 -0.0073667317117903329 0.00061985298861422049 0.0093548934262189451 -0.0050147526384514687 -0.0037611901241932449 -0.011992502769315034 0.0037381094989300057 0.00065435070753247667 -0.0097273809599291491 -0.0079403076828826955
leaf_weight=32.749308884143829 13.109824359416963 12.374380514025686 10.701443880796431 61.725684925913811 8.1506785750389081 18.772012829780579 23.542834714055061 7.1127112507820121 10.86528053879738 6.7179294228553763 7.3176535815000525
leaf_count=109 51 44 38 209 28 66 85 25 40 25 27
internal_value=1.20305e-05 0.0019518 -0.00122736 0.00526576 0.00760343 0.00336214 -0.0080886 -0.00705302 -0.00916763 -0.00351453 -0.0135492
internal_weight=213.14 168.016 85.7656 82.2507 69.8764 51.5213 34.2443 45.1234 38.0107 17.5832 20.4275
internal_count=747 579 298 281 237 175 123 168 143 65 78
is_linear=0
shrinkage=0.02


Tree=44
num_leaves=10
num_cat=0
split_feature=1 6 0 4 8 0 19 19 16
split_gain=20.9586 9.32394 6.13656 5.87126 4.26828 4.06032 2.93407 4.48976 2.76015
threshold=1505.5605911026578 0.87312050000000008 1583.7827765255765 -0.49303488999999995 0.6482315000000004 1477.334905139777 0.4998316498316499 0.58875661375661392 -0.93350166666666656
decision_type=2 2 2 2 2 2 2 2 2
left_child=3 2 5 6 -5 -2 -1 -8 -6
right_child=1 -3 -4 4 8 -7 7 -9 -10
leaf_value=-0.0046487521182714308 0.0065724517196341752 -0.0082652046586715044 -0.006905401585538793 0.005404217104821152 -0.001965119246886068 0.016166747187130331 0.017310532115369603 -0.0018330670265694574 -0.010816515355949852
leaf_weight=13.492283433675768 41.532102555036545 12.964862465858458 7.5555515289306632 8.2323688566684705 18.946354269981384 34.834569483995438 8.2302743494510668 9.7300556898117048 69.893429696559906
leaf_count=45 127 44 25 29 66 105 26 32 248
internal_value=-4.48494e-06 0.00697096 0.0094179 -0.00529151 -0.00770987 0.0111271 0.0021182 0.00728426 -0.00899398
internal_weight=225.412 96.8871 83.9222 128.525 97.0722 76.3667 31.4526 17.9603 88.8398
internal_count=747 301 257 446 343 232 103 58 314
is_linear=0
shrinkage=0.02


Tree=45
num_leaves=12
num_cat=0
split_feature=2 8 2 18 22 22 7 2 25 12 18
split_gain=27.9624 9.2914 8.52877 5.94522 4.6215 5.91956 5.11888 4.2171 1.90344 1.61307 0.0986255
threshold=59.465245423254608 0.94416433333333349 188.60849823064441 1.3941073333333336 1.2808881750000001 0.91886880000000015 0.92347216666666687 22.566388754993458 1.6750000000000003 1.4795267000000003 1.4973503333333336
decision_type=2 2 2 2 2 2 2 2 2 2 2
left_child=1 -1 4 8 5 -2 -6 -5 -3 -4 -11
right_child=2 3 9 7 6 -7 -8 -9 -10 10 -12
leaf_value=0.0087061058929714732 -0.0023049689546072215 -0.0080715765009916028 0.0058095780609446635 -0.0070786703758226937 0.010585094415455819 0.010882012779983597 -0.0046744867969027342 0.0068002411233094723 -0.01498946886690249 0.012970219905266265 0.02002515219378664
leaf_weight=12.670648366212843 19.410055935382843 36.803841441869736 10.106917589902876 22.167238891124725 10.101317018270491 40.806774824857712 40.926212459802628 13.025686144828795 40.549119412899017 17.742659956216816 10.713099271059034
leaf_count=34 52 101 27 61 27 109 110 35 114 48 29
internal_value=0 -0.0069526 0.00580611 -0.00879425 0.00291705 0.00663049 -0.0014699 -0.00184056 -0.0118685 0.0138054 0.0162838
internal_weight=275.024 125.217 149.807 112.546 111.244 60.2168 51.0275 35.1929 77.353 38.5627 28.4558
internal_count=747 345 402 311 298 161 137 96 215 104 77
is_linear=0
shrinkage=0.02


Tree=46
num_leaves=12
num_cat=0
split_feature=14 9 5 7 1 0 7 13 10 20 22
split_gain=7.0979 4.37072 6.76003 6.10434 3.93997 3.81529 3.01 2.69435 2.19782 1.24842 0.229384
threshold=0.58543650793650803 0.44484126984126993 -0.081208513708513744 0.91631716666666685 1638.7993197732753 1476.6938394067474 0.85854400000000008 1.3838033000000001 2.1666666666666674 1.8333333333333337 1.4870077000000002
decision_type=2 2 2 2 2 2 2 2 2 2 2
left_child=1 2 5 -3 -5 -1 -4 8 10 -10 -2
right_child=7 3 6 4 -6 -7 -8 -9 9 -11 -12
leaf_value=0.0073422186036788233 -0.015666045686234246 -0.0072968738123559834 0.00058048866116756968 0.0091903611126666358 -0.0049774879676592696 -0.0037120925470506224 -0.011911450114025111 0.0037257365934752905 0.00070740702337684588 -0.0096297097766407467 -0.0078698325369159546
leaf_weight=32.885465115308762 12.953077554702761 12.32511982321739 10.717921197414396 61.987141028046608 8.1357370913028699 18.730393469333649 23.399126455187798 7.1147251725196829 10.84050799906254 6.6678992807865134 7.2835476398468009
leaf_count=109 51 44 38 209 28 66 85 25 40 25 27
internal_value=1.34857e-05 0.0019145 -0.0012253 0.00517891 0.0074716 0.0032985 -0.00802536 -0.00695621 -0.0090655 -0.00342891 -0.0134569
internal_weight=213.041 168.181 85.7329 82.448 70.1229 51.6159 34.117 44.8598 37.745 17.5084 20.2366
internal_count=747 579 298 281 237 175 123 168 143 65 78
is_linear=0
shrinkage=0.02


Tree=47
num_leaves=10
num_cat=0
split_feature=2 1 12 22 16 8 12 0 5
split_gain=21.9868 10.708 3.70814 3.6533 3.17615 2.99915 2.46722 1.13479 1.19332
threshold=95.869048364445476 1505.5605911026578 1.5406157000000003 0.81353810000000026 -0.07058033333333337 1.3860713333333334 1.0475328000000002 1506.9448266145671 0.26007936507936519
decision_type=2 2 2 2 2 2 2 2 2
left_child=1 2 3 -1 -3 -6 -2 -8 -9
right_child=6 4 -4 -5 5 -7 7 8 -10
leaf_value=-0.011399697249739422 -0.00060360334427247433 0.00065487541790788556 -0.012482595506745865 0.0027246394831116154 0.0061805042232866182 0.014937470818377561 -0.0037019558733698177 -0.012506222223858807 -0.0028232847036247029
leaf_weight=7.7096338570117942 13.884722799062727 15.073259085416792 9.622716546058653 44.760523051023483 32.788462728261948 36.405873388051987 11.5500051677227 46.301628425717354 7.0920582413673392
leaf_count=26 48 48 33 148 100 108 40 170 26
internal_value=-4.22377e-06 0.00456635 -0.00169917 0.00043751 0.00917236 0.0109635 -0.00846634 -0.0100824 -0.0113324
internal_weight=225.189 146.36 62.0929 52.4702 84.2676 69.1943 78.8284 64.9437 53.3937
internal_count=747 463 207 174 256 208 284 236 196
is_linear=0
shrinkage=0.02


Tree=48
num_leaves=12
num_cat=0
split_feature=2 2 8 22 1 21 21 12 12 4 10
split_gain=26.9037 10.3637 6.45388 4.65231 4.96656 2.61872 2.97725 2.59558 1.57692 0.78929 0.114023
threshold=28.061172678801999 188.60849823064441 0.96681283333333345 1.2707303000000001 1468.8328409639039 0.63049721000000003 -0.011787100000000003 1.5904386000000001 1.4795267000000003 -1.2787679899999997 2.1666666666666674
decision_type=2 2 2 2 2 2 2 2 2 2 2
left_child=2 3 -1 4 -2 6 -4 -5 -3 -7 -10
right_child=1 8 5 7 -6 9 -8 -9 10 -11 -12
leaf_value=0.0065191223819682977 0.00030112698276128574 0.0056862291289502299 -0.011943132242664812 -0.004502762920920389 0.010772581390919959 -0.011268394407292041 -0.0022334172368207524 0.0034524814640097675 0.018451195594187186 -0.019806331809211077 0.011543047319742594
leaf_weight=9.2929292917251569 37.324347198009491 10.103441238403319 25.966414332389832 45.481514483690262 35.081232577562332 21.097641110420227 25.961621731519699 24.206642627716064 16.158078819513324 11.708471596240996 12.217702925205229
leaf_count=25 100 27 71 123 94 60 72 65 44 33 33
internal_value=0 0.00450648 -0.00862799 0.00195647 0.00547954 -0.0103692 -0.00726042 -0.00170141 0.0135843 -0.0148705 0.0160391
internal_weight=274.6 180.573 94.0271 142.094 72.4056 84.7341 51.928 69.6882 38.4792 32.8061 28.3758
internal_count=747 486 261 382 194 236 143 188 104 93 77
is_linear=0
shrinkage=0.02


Tree=49
num_leaves=11
num_cat=0
split_feature=14 3 15 1 17 13 5 13 7 23
split_gain=6.89974 4.27706 6.37019 3.58993 5.08875 2.64638 2.46331 2.30499 1.96341 1.98651
threshold=0.58543650793650803 -1.0000000180025095e-35 0.45000000000000007 1557.4184575379943 1.4658990000000003 1.3838033000000001 -0.19295510045510039 1.2465730000000002 2.1007700000000002 1.6041897700000003
decision_type=2 2 2 2 2 2 2 2 2 2
left_child=1 2 -1 4 -3 8 -5 -4 9 -2
right_child=5 3 7 6 -6 -7 -8 -9 -10 -11
leaf_value=0.01198862142043579 -0.015253518511047542 0.0023611517513777488 0.0014690227839516835 0.0055839842208323274 0.012558372986748572 0.0036973197697955733 -0.0075571433747367855 -0.0077767594149163455 -0.0018429027319742713 -0.002036728101373373
leaf_weight=9.3515233993530256 18.81206284463406 55.094471916556358 14.234571665525435 8.0327633619308489 30.478810235857964 7.1207255423068991 14.342223405838011 36.756044626235962 11.879254907369612 6.8263215869665137
leaf_count=31 72 188 50 27 102 25 50 131 45 26
internal_value=1.52963e-05 0.00188508 -0.00233346 0.00426134 0.00611933 -0.00687698 -0.00271677 -0.00517862 -0.00897976 -0.0120181
internal_weight=212.929 168.29 60.3421 107.948 85.5733 44.6384 22.375 50.9906 37.5176 25.6384
internal_count=747 579 212 367 290 168 77 181 143 98
is_linear=0
shrinkage=0.02


Tree=50
num_leaves=10
num_cat=0
split_feature=2 1 27 9 16 4 12 0 5
split_gain=21.2263 10.2603 3.80912 3.09297 2.99536 2.83227 2.42861 1.11265 1.18758
threshold=95.869048364445476 1505.5605911026578 9.5000000000000018 0.65039682539682542 -0.07058033333333337 0.74011277500000017 1.0475328000000002 1506.9448266145671 0.26007936507936519
decision_type=2 2 2 2 2 2 2 2 2
left_child=1 2 5 4 -3 -1 -2 -8 -9
right_child=6 3 -4 -5 -6 -7 7 8 -10
leaf_value=-0.0061225152030073343 -0.00055803914219860313 0.0017046232757255981 0.0086765900509075487 -0.0016265160884315864 0.012188973308873648 0.0057597332343524354 -0.003649743587561339 -0.012395998959595991 -0.0027283975585466989
leaf_weight=42.590291023254395 13.858574360609053 14.208207607269285 10.600335806608198 9.2349132895469648 61.175399512052536 8.8325293958187086 11.522133111953734 45.885426506400108 7.0568808615207663
leaf_count=142 48 45 35 29 182 30 40 170 26
internal_value=-7.23622e-06 0.00446712 -0.00167554 0.00895988 0.0102873 -0.0039725 -0.00836035 -0.009973 -0.0112189
internal_weight=224.965 146.642 62.0232 84.6185 75.3836 51.4228 78.323 64.4644 52.9423
internal_count=747 463 207 256 227 172 284 236 196
is_linear=0
shrinkage=0.02


Tree=51
num_leaves=12
num_cat=0
split_feature=2 2 8 17 11 17 25 13 17 23 19
split_gain=25.9566 10.0365 6.29127 4.56089 4.45103 3.03622 2.41779 3.06035 1.59224 1.30387 0.636839
threshold=28.061172678801999 188.60849823064441 0.96681283333333345 1.6814383333333336 0.18420200000000006 1.0484178333333334 1.9000000000000001 1.7091081000000001 1.5457121666666669 1.3779222000000002 0.73172799422799428
decision_type=2 2 2 2 2 2 2 2 2 2 2
left_child=2 3 -1 5 -5 -2 7 -4 9 -3 -8
right_child=1 8 6 4 -6 -7 10 -9 -10 -11 -12
leaf_value=0.0064574524811409585 0 0.0035252092711090415 -0.0012260667952557946 -0.010189826670849736 0.0037395888807444772 0.0068341855074077543 -0.015572193808881155 -0.011686488451055093 0.019135038548497164 0.013413878635926024 -0.0075796612595691714
leaf_weight=9.2942982614040357 45.149571597576141 10.741258144378664 22.22617644071579 20.145840913057327 15.221920877695082 61.545409023761749 29.663349658250809 23.128515541553497 13.590564370155333 14.057668477296827 9.4597449302673322
leaf_count=25 121 29 61 55 41 165 84 64 37 38 27
internal_value=-9.88007e-07 0.00442257 -0.00849149 0.00191469 -0.00420177 0.00398097 -0.0102159 -0.00674051 0.0133681 0.00951094 -0.0139266
internal_weight=274.224 180.452 93.7721 142.063 35.3678 106.695 84.4778 45.3547 38.3895 24.7989 39.1231
internal_count=747 486 261 382 96 286 236 125 104 67 111
is_linear=0
shrinkage=0.02


Tree=52
num_leaves=12
num_cat=0
split_feature=14 9 5 3 7 7 12 13 10 2 13
split_gain=6.67977 4.2928 6.81679 6.38751 5.3054 4.75427 4.02557 2.60383 2.19406 2.7248 0.25463
threshold=0.58543650793650803 0.43172105672105682 -0.17188672438672431 -1.4999999999999998 1.0199086666666668 0.85854400000000008 0.83762910000000013 1.3838033000000001 2.1666666666666674 125.82242647028762 0.91808360000000022
decision_type=2 2 2 2 2 2 2 2 2 2 2
left_child=1 2 6 -3 -5 -4 -1 8 10 -10 -2
right_child=7 3 5 4 -6 -7 -8 -9 9 -11 -12
leaf_value=-0.005387901454170404 -0.0078383141857702732 -0.011090284574404308 0.0019031601719147336 -0.0033291217920349073 0.0090370693536049596 -0.010809172470292949 0.010450825783770892 0.0036962196092661537 -0.012263529358831184 0.0030057645652747018 -0.015682526122402708
leaf_weight=8.1509624719619769 7.5916983634233501 8.1734368950128538 17.940295815467834 16.679995119571686 65.853383183479309 30.629381105303764 20.992691159248352 7.1196643710136405 6.8424568474292782 10.507319539785383 12.327463388442991
leaf_count=27 30 30 63 58 221 110 70 25 26 39 48
internal_value=2.02587e-05 0.00185492 -0.00156649 0.00479314 0.00650398 -0.00612957 0.00592288 -0.00678427 -0.00888294 -0.00324734 -0.0133061
internal_weight=212.809 168.42 77.7133 90.7068 82.5334 48.5697 29.1437 44.3886 37.2689 17.3498 19.9192
internal_count=747 579 270 309 279 173 97 168 143 65 78
is_linear=0
shrinkage=0.02


Tree=53
num_leaves=10
num_cat=0
split_feature=2 1 27 9 4 18 12 0 5
split_gain=20.5089 9.83484 3.70427 2.98815 2.78571 2.38786 2.37217 1.08378 1.17869
threshold=95.869048364445476 1505.5605911026578 9.5000000000000018 0.65039682539682542 0.74011277500000017 1.6517816666666669 1.0475328000000002 1506.9448266145671 0.26007936507936519
decision_type=2 2 2 2 2 2 2 2 2
left_child=1 2 4 5 -1 -3 -2 -8 -9
right_child=6 3 -4 -5 -6 -7 7 8 -10
leaf_value=-0.006061185277670589 -0.00054722432591179215 0.01153188847326393 0.0085353550765055602 -0.0016431607394142187 0.005719234017303205 0.0012605500534247109 -0.003613239365382256 -0.012280068172964191 -0.0026390953053228167
leaf_weight=42.474266469478607 13.851612299680708 64.381352007389069 10.641485601663588 9.2369726300239545 8.8440259397029859 11.332928806543348 11.50259158015251 45.452233225107193 7.0238101035356513
leaf_count=142 48 192 35 29 30 35 40 170 26
internal_value=-9.1235e-06 0.00437327 -0.00164932 0.00875724 -0.00392225 0.010057 -0.00825716 -0.0098615 -0.0111005
internal_weight=224.741 146.911 61.9598 84.9513 51.3183 75.7143 77.8302 63.9786 52.476
internal_count=747 463 207 256 172 227 284 236 196
is_linear=0
shrinkage=0.02


Tree=54
num_leaves=12
num_cat=0
split_feature=2 8 2 18 22 22 7 2 4 12 18
split_gain=25.0419 8.65283 7.78242 5.76346 4.36979 5.67879 5.04641 3.94738 2.82285 1.55258 0.140902
threshold=59.465245423254608 0.94416433333333349 188.60849823064441 1.3941073333333336 1.2808881750000001 0.91886880000000015 0.92347216666666687 22.566388754993458 -0.62804059999999995 1.4795267000000003 1.4973503333333336
decision_type=2 2 2 2 2 2 2 2 2 2 2
left_child=1 -1 4 8 5 -2 -6 -5 -3 -4 -11
right_child=2 3 9 7 6 -7 -8 -9 -10 10 -12
leaf_value=0.0084846369146387799 -0.0023948263346288473 -0.014454861398293517 0.0053732662751914692 -0.0066579911916421824 0.010438925519322729 0.01051838230707489 -0.0047118999630787351 0.0067873350057892712 -0.0060604694329231823 0.012323548213201013 0.019340712032644935
leaf_weight=12.675842732191084 19.410240709781647 47.867523163557053 10.092495322227476 22.011986762285233 10.103260815143583 40.76175457239151 40.896819829940796 13.022755622863768 28.77269971370697 17.601018816232685 10.608470201492308
leaf_count=34 52 136 27 61 27 109 110 35 79 48 29
internal_value=-2.1197e-06 -0.00661194 0.00549084 -0.00840334 0.00273579 0.0063491 -0.00152899 -0.00155507 -0.0114478 0.0131634 0.0156027
internal_weight=273.825 124.351 149.474 111.675 111.172 60.172 51.0001 35.0347 76.6402 38.302 28.2095
internal_count=747 345 402 311 298 161 137 96 215 104 77
is_linear=0
shrinkage=0.02


Tree=55
num_leaves=12
num_cat=0
split_feature=14 9 5 7 16 17 15 13 10 2 13
split_gain=6.47876 4.19421 6.43883 5.7469 3.39979 3.23033 3.04762 2.5566 2.17591 2.69099 0.257913
threshold=0.58543650793650803 0.44484126984126993 -0.081208513708513744 0.91631716666666685 -0.29616716666666676 2.0413155000000001 0.90000000000000013 1.3838033000000001 2.1666666666666674 125.82242647028762 0.91808360000000022
decision_type=2 2 2 2 2 2 2 2 2 2 2
left_child=1 2 4 -3 -1 -5 -4 8 10 -10 -2
right_child=7 3 6 5 -6 -7 -8 -9 9 -11 -12
leaf_value=0.014306747428626223 -0.0077502242742718561 -0.0071513136413047266 0 0.0090833721704018325 0.00076408797422964844 -0.0022044151956897846 -0.012256634165220347 0.0036729553299425649 -0.012183463713284711 0.0030215287839118945 -0.015607582021761195
leaf_weight=8.0580182373523694 7.5418929010629681 12.218985125422476 12.193980902433394 59.116086319088936 43.789413779973984 11.459492951631544 21.703438103199005 7.1246457099914542 6.7905836254358318 10.499714374542235 12.20111660659313
leaf_count=27 30 44 43 198 148 39 80 25 26 39 48
internal_value=2.22437e-05 0.00182448 -0.00125353 0.00501295 0.00313759 0.00721742 -0.00792468 -0.0067002 -0.00879252 -0.00318035 -0.0132208
internal_weight=212.697 168.539 85.7449 82.7946 51.8474 70.5756 33.8974 44.158 37.0333 17.2903 19.743
internal_count=747 579 298 281 175 237 123 168 143 65 78
is_linear=0
shrinkage=0.02


Tree=56
num_leaves=10
num_cat=0
split_feature=2 1 12 27 16 0 24 2 8
split_gain=19.802 9.45721 3.64192 3.82094 2.90172 2.77924 2.32559 2.35269 2.04023
threshold=95.869048364445476 1505.5605911026578 1.5406157000000003 9.5000000000000018 -0.07058033333333337 1476.6938394067474 0.35100732600732604 188.60849823064441 1.000960166666667
decision_type=2 2 2 2 2 2 2 2 2
left_child=1 2 3 -1 -3 -6 -2 8 -8
right_child=6 4 -4 -5 5 -7 7 -9 -10
leaf_value=-0.002085768965286706 0.0016897788944200594 0.00045279930705969341 -0.012365634034718652 0.011329267866372179 0.00566450657817286 0.014026259044519453 -0.014140245098887567 -0.014528822648846293 -0.0038978660055442077
leaf_weight=42.852580726146698 7.9651257842779151 15.1601165831089 9.5418071746826154 9.5176699459552747 32.923536568880081 37.18117168545723 9.8454341292381269 23.31806954741478 36.200185000896454
leaf_count=143 28 48 33 31 98 110 35 93 128
internal_value=-9.62665e-06 0.00428104 -0.00163188 0.000481376 0.00856683 0.0102623 -0.00815182 -0.00931832 -0.00638441
internal_weight=224.506 147.177 61.9121 52.3703 85.2648 70.1047 77.3288 69.3637 46.0456
internal_count=747 463 207 174 256 208 284 256 163
is_linear=0
shrinkage=0.02


Tree=57
num_leaves=12
num_cat=0
split_feature=2 2 8 21 12 1 21 21 12 4 18
split_gain=24.1636 9.41244 5.97998 4.39091 6.19444 3.79692 2.48315 2.99255 1.52819 0.831974 0.148831
threshold=28.061172678801999 188.60849823064441 0.96681283333333345 0.20452383000000005 1.5267271000000002 1468.8328409639039 0.63049721000000003 -0.011787100000000003 1.4795267000000003 -1.2787679899999997 1.4973503333333336
decision_type=2 2 2 2 2 2 2 2 2 2 2
left_child=2 3 -1 5 -5 -2 7 -4 -3 -8 -10
right_child=1 8 6 4 -6 -7 9 -9 10 -11 -12
leaf_value=0.0063404075174073324 0.00023940967920042845 0.0052380290368118912 -0.011590385010264838 -0.010894004438997337 0.0043847415528197563 0.0079880903443325258 -0.010718552385059119 -0.0018539875027365146 0.012117422508603298 -0.019314500242691809 0.019101440339953164
leaf_weight=9.2954851686954481 52.199084728956223 10.086669176816939 25.823114365339279 21.227523952722549 19.293635159730911 49.224005430936813 20.791262865066528 25.789955884218216 17.549332618713382 11.52734452486038 10.56394040584564
leaf_count=25 140 27 71 58 52 132 60 72 48 33 29
internal_value=-1.14773e-06 0.00426454 -0.0082228 0.00183824 -0.00364066 0.0040609 -0.00991489 -0.00689103 0.0129523 -0.0143322 0.0153764
internal_weight=273.371 180.144 93.2272 141.944 40.5212 101.423 83.9317 51.6131 38.1999 32.3186 28.1133
internal_count=747 486 261 382 110 272 236 143 104 93 77
is_linear=0
shrinkage=0.02


Tree=58
num_leaves=13
num_cat=0
split_feature=0 26 0 2 9 22 13 5 2 0 4 7
split_gain=6.32546 5.66214 4.39271 6.21915 3.24257 3.98807 3.29962 5.00872 3.35806 1.5986 2.94456 1.16998
threshold=1486.7326887483216 6.5000000000000009 1630.2514216788254 108.16675554703683 0.54120370370370374 1.2559237000000001 1.8989794000000002 -0.21421883671883668 15.158953624123912 1550.693926304242 0.26669010000000004 1.5339216666666668
decision_type=2 2 2 2 2 2 2 2 2 2 2 2
left_child=4 9 3 -3 6 -6 7 -1 -8 11 -11 -2
right_child=1 2 -4 -5 5 -7 8 -9 -10 10 -12 -13
leaf_value=0.011486976442390032 -0.01611112186813073 -0.0032733936651826445 -0.010715657080672403 0.010104074948321884 -8.3532549764790874e-05 0.018108666958696326 0.00048488694270141023 -0.0032467600541892213 0.014933473956942243 0.0044711266146724412 -0.010695661513886361 -0.0046564112114121205
leaf_weight=10.133199989795683 14.578367337584497 30.555554151535034 11.015706554055212 23.781659498810768 7.7271316051483181 10.886789441108702 13.429658710956575 52.600195065140724 12.036984026432036 7.8003577589988735 11.291238710284231 6.7318651825189582
leaf_count=33 55 109 42 84 26 36 44 181 40 28 44 25
internal_value=2.48708e-05 -0.00341678 0.000216205 0.00262214 0.00345103 0.0108354 0.00176619 -0.000692575 0.00769588 -0.00920498 -0.00448523 -0.0129531
internal_weight=212.569 105.755 65.3529 54.3372 106.814 18.6139 88.2 62.7334 25.4666 40.4018 19.0916 21.3102
internal_count=747 387 235 193 360 62 298 214 84 152 72 80
is_linear=0
shrinkage=0.02


Tree=59
num_leaves=11
num_cat=0
split_feature=2 1 12 27 9 16 12 7 12 14
split_gain=19.1178 9.05971 3.56968 3.72158 2.89063 2.71151 2.32166 0.992853 3.93821 0.748028
threshold=95.869048364445476 1505.5605911026578 1.5406157000000003 9.5000000000000018 0.65039682539682542 -0.07058033333333337 1.0475328000000002 1.8453316666666668 2.1039569000000005 0.48073232323232329
decision_type=2 2 2 2 2 2 2 2 2 2
left_child=1 2 3 -1 5 -3 -2 9 -9 -8
right_child=6 4 -4 -5 -6 -7 7 8 -10 -11
leaf_value=-0.0020611153096965706 -0.00041786795767941325 0.0014988094242415545 -0.012272885458069267 0.01115925129795224 -0.0018191841823422435 0.01143363597357468 -0.016263465532109094 0.0031105254191167008 -0.012306359766880872 -0.0089365939134380505
leaf_weight=42.80212989449501 13.777823120355604 14.289721220731733 9.4774410128593427 9.5579702556133253 9.2842446863651258 62.008191615343094 12.756533741950987 10.432153671979906 15.0532129406929 24.811351209878922
leaf_count=143 48 45 33 31 29 182 46 39 58 93
internal_value=-1.3304e-05 0.00418792 -0.00160813 0.000478594 0.00836916 0.00964229 -0.00805034 -0.00965433 -0.00604094 -0.0118335
internal_weight=224.251 147.42 61.8375 52.3601 85.5822 76.2979 76.8311 63.0533 25.4854 37.5679
internal_count=747 463 207 174 256 227 284 236 97 139
is_linear=0
shrinkage=0.02


Tree=60
num_leaves=12
num_cat=0
split_feature=2 2 8 22 1 19 25 24 17 22 19
split_gain=23.256 9.14318 5.82477 4.2816 4.68719 3.78504 2.30077 3.07209 1.59942 0.704435 0.674528
threshold=28.061172678801999 188.60849823064441 0.96681283333333345 1.2707303000000001 1468.8328409639039 0.44828042328042333 1.9000000000000001 0.45795815295815301 1.0953655000000002 1.4190632000000003 0.73172799422799428
decision_type=2 2 2 2 2 2 2 2 2 2 2
left_child=2 3 -1 4 -2 -5 7 -4 -3 -10 -8
right_child=1 8 6 5 -6 -7 10 -9 9 -11 -12
leaf_value=0.0062820981066467746 0.0001443891429613402 0.0067957489449725931 -0.015567504756647395 0.0051084140508350327 0.010317773639139879 -0.004812325476849527 -0.01507204593508611 -0.003264033729352963 0.020706127444879735 0.010908510291361371 -0.0070337260892395989
leaf_weight=9.2970449030399305 37.30419647693634 15.177509129047392 10.217502802610396 21.276596307754517 35.032480776309967 48.296833753585815 29.246896743774414 34.86178269982338 10.527891993522646 12.391475975513456 9.3236196339130384
leaf_count=25 100 41 28 57 94 131 84 97 29 34 27
internal_value=-3.29609e-06 0.00417989 -0.00808427 0.00179044 0.00517211 -0.00172068 -0.00975996 -0.00637342 0.0127559 0.0161701 -0.0134063
internal_weight=272.954 180.007 92.9468 141.91 72.3367 69.5734 83.6498 45.0793 38.0969 22.9194 38.5705
internal_count=747 486 261 382 194 188 236 125 104 63 111
is_linear=0
shrinkage=0.02


Tree=61
num_leaves=14
num_cat=0
split_feature=0 26 0 2 9 7 15 5 13 22 0 24 7
split_gain=6.10549 5.56482 4.27372 6.02775 3.14672 5.16338 3.44888 3.96202 3.0956 2.5145 1.59575 2.9128 1.16131
threshold=1486.7326887483216 6.5000000000000009 1630.2514216788254 108.16675554703683 0.46574074074074073 0.97733499999999995 0.90000000000000013 -0.18144466644466642 1.757906 1.4190632000000003 1550.693926304242 0.47335497835497842 1.5339216666666668
decision_type=2 2 2 2 2 2 2 2 2 2 2 2 2
left_child=4 10 3 -3 6 -6 9 -8 -7 -1 12 -12 -2
right_child=1 2 -4 -5 5 8 7 -9 -10 -11 11 -13 -14
leaf_value=-0.00023515673297263073 -0.016040318598455339 -0.0032183045245847627 -0.010598786027337159 0.0099431520489764724 -0.0053741759268489276 0.0070414913947730194 0.0070019655278737514 -0.0084826163588642249 0.021577231095727938 0.009995729089448905 -0.012794847530468308 0.0022425658639736016 -0.0046091402667180047
leaf_weight=18.906364440917969 14.447228476405146 30.47979111969471 10.912251591682432 23.883895888924599 8.5425938516855222 23.016729086637501 8.223926782608034 22.348739370703697 8.2474294900894147 17.70526710152626 8.1182700991630572 10.882110133767126 6.7134891450405112
leaf_count=64 55 109 42 84 30 76 27 79 26 58 32 40 25
internal_value=3.13396e-05 -0.00335874 0.000239263 0.00260302 0.00339086 0.00777724 0.000686652 -0.00416413 0.0114879 0.00479351 -0.00911908 -0.00440094 -0.0128755
internal_weight=212.428 105.437 65.2759 54.3637 106.991 39.8068 67.1843 30.5727 31.2642 36.6116 40.1611 19.0004 21.1607
internal_count=747 387 235 193 360 132 228 106 102 122 152 72 80
is_linear=0
shrinkage=0.02


Tree=62
num_leaves=10
num_cat=0
split_feature=2 1 12 21 9 16 12 21 2
split_gain=18.4868 8.6959 3.49073 3.75253 2.77073 2.60568 2.27058 1.09139 1.6224
threshold=95.869048364445476 1505.5605911026578 1.5406157000000003 -0.091048899999999974 0.65039682539682542 -0.07058033333333337 1.0475328000000002 0.61052190000000006 132.51472468620685
decision_type=2 2 2 2 2 2 2 2 2
left_child=1 2 3 -1 5 -3 -2 8 -8
right_child=6 4 -4 -5 -6 -7 7 -9 -10
leaf_value=-0.0035664621886328258 -0.00040668700549997545 0.0014468860498179634 -0.012172138113522992 0.0072820664925484129 -0.0017928220386270257 0.011177261144276637 -0.0049814933992196305 -0.0018787524481408255 -0.012948905034808967
leaf_weight=32.982635706663132 13.770530462265013 14.310023814439772 9.4080036580562574 19.378999888896942 9.2735643386840803 62.285684376955032 17.808275043964386 7.6936700344085684 37.100659340620041
leaf_count=112 48 45 33 62 29 182 64 27 145
internal_value=-1.68247e-05 0.00410128 -0.00158491 0.000472314 0.00818579 0.00942723 -0.00795361 -0.00954974 -0.010536
internal_weight=224.012 147.639 61.7696 52.3616 85.8693 76.5957 76.3731 62.6026 54.9089
internal_count=747 463 207 174 256 227 284 236 209
is_linear=0
shrinkage=0.02


Tree=63
num_leaves=14
num_cat=0
split_feature=2 2 4 22 22 23 16 18 19 19 13 12 18
split_gain=22.3618 7.08278 5.89969 4.1054 5.48051 3.66967 4.26573 3.84678 3.56602 2.73538 1.70395 1.48745 0.174153
threshold=59.465245423254608 188.60849823064441 -0.6525148999999999 1.2808881750000001 0.91886880000000015 1.5680573000000002 -0.38158100000000011 1.3948571666666669 0.44828042328042333 0.50515873015873025 1.5609578000000002 1.4795267000000003 1.4973503333333336
decision_type=2 2 2 2 2 2 2 2 2 2 2 2 2
left_child=2 3 9 4 -2 7 -7 -4 -5 -1 -11 -3 -13
right_child=1 11 5 8 -6 6 -8 -9 -10 10 -12 12 -14
leaf_value=-0.0017804123192925064 -0.0025131960347882128 0.0049631389722387762 -0.0020177659302677217 0.0059375803266347085 0.010170309024694733 0.00041079724638565972 -0.01707135696927348 0.01144312489436518 -0.0051514935735311445 -0.0074676918368826563 -0.016104622667300349 0.011703657414493491 0.018668798815423732
leaf_weight=11.827980369329451 19.410282135009766 10.071807086467741 32.819957822561264 16.069343209266663 40.702060341835022 10.355153858661653 10.481902927160261 10.304080843925474 34.90064325928688 19.258191019296646 28.386797308921814 17.436774253845218 10.472981780767439
leaf_count=33 52 27 90 43 109 28 29 28 94 55 82 48 29
internal_value=-5.36089e-06 0.00518547 -0.00628138 0.00256273 0.00606797 -0.00197401 -0.0086709 0.00133971 -0.00156997 -0.0107715 -0.01288 0.0125422 0.0149418
internal_weight=272.498 149.064 123.434 111.082 60.1123 63.9611 20.8371 43.124 50.97 59.473 47.645 37.9816 27.9098
internal_count=747 402 345 298 161 175 57 118 137 170 137 104 77
is_linear=0
shrinkage=0.02


Tree=64
num_leaves=12
num_cat=0
split_feature=14 9 5 7 15 12 21 13 10 20 13
split_gain=6.10508 4.0666 6.28743 5.11369 4.80915 3.89214 2.61341 2.49854 2.18143 1.24452 0.264817
threshold=0.58543650793650803 0.43172105672105682 -0.17188672438672431 0.90215616666666676 0.90000000000000013 0.83762910000000013 -0.75898209999999999 1.3838033000000001 2.1666666666666674 1.8333333333333337 0.91808360000000022
decision_type=2 2 2 2 2 2 2 2 2 2 2
left_child=1 2 5 -3 -4 -1 -5 8 10 -10 -2
right_child=7 3 4 6 -6 -7 -8 -9 9 -11 -12
leaf_value=-0.0055133689609249015 -0.0076040770452990656 -0.0064422304040987746 0.0012733265991023729 -0.0028934012132940273 -0.0112793985815796 0.010003347640469005 0.0079483758755366108 0.0037194648076299408 0.0011326241902938686 -0.0092887639330507792 -0.015497737043765935
leaf_weight=8.1890153288841265 7.4506517648696926 13.227470546960829 20.482486069202423 9.3890920877456647 27.674708187580109 21.22457554936409 68.420358136296272 7.1046009659767142 10.640075296163561 6.4847862571477881 11.990685850381849
leaf_count=27 30 48 71 32 102 70 229 25 40 25 48
internal_value=3.68517e-05 0.00177846 -0.0015581 0.00462926 -0.00598243 0.00557835 0.00659463 -0.00653182 -0.00862281 -0.00299812 -0.0130904
internal_weight=212.279 168.608 77.5708 91.0369 48.1572 29.4136 77.8095 43.6708 36.5662 17.1249 19.4413
internal_count=747 579 270 309 173 97 261 168 143 65 78
is_linear=0
shrinkage=0.02


Tree=65
num_leaves=10
num_cat=0
split_feature=2 1 27 9 16 24 2 10 19
split_gain=17.8706 8.3519 3.42633 2.67279 2.507 2.31384 2.27114 2.19377 2.06684
threshold=95.869048364445476 1505.5605911026578 9.5000000000000018 0.65039682539682542 -0.07058033333333337 0.35100732600732604 188.60849823064441 0.58333333333333337 0.5188492063492065
decision_type=2 2 2 2 2 2 2 2 2
left_child=1 2 7 4 -3 -2 8 -1 -7
right_child=5 3 -4 -5 -6 6 -8 -9 -10
leaf_value=0.0018266113578217207 0.0019897182384373204 0.0013976952275953955 0.0081750703515387508 -0.0017907066423136575 0.010934331964219229 -0.0099214735658341834 -0.014255999005840932 -0.0067127355297931703 -0.0012363387195528919
leaf_weight=17.445143640041351 7.8671153634786597 14.328598409891127 10.73818328976631 9.2713892459869367 62.545960932970047 24.981857717037201 22.531793847680092 33.516330897808075 20.520700693130493
leaf_count=58 28 45 35 29 182 91 93 114 72
internal_value=-1.95486e-05 0.00401636 -0.00156375 0.00800799 0.00922326 -0.00785695 -0.00903687 -0.00377216 -0.00615848
internal_weight=223.747 147.846 61.6997 86.1459 76.8746 75.9015 68.0344 50.9615 45.5026
internal_count=747 463 207 256 227 284 256 172 163
is_linear=0
shrinkage=0.02


Tree=66
num_leaves=12
num_cat=0
split_feature=2 2 8 21 12 1 21 21 12 2 18
split_gain=21.5675 8.53136 5.60794 4.0417 5.9902 3.58679 2.35588 3.00568 1.4637 0.911377 0.183694
threshold=28.061172678801999 188.60849823064441 0.96681283333333345 0.20452383000000005 1.5267271000000002 1468.8328409639039 0.63049721000000003 -0.011787100000000003 1.4795267000000003 -130.39568031610767 1.4973503333333336
decision_type=2 2 2 2 2 2 2 2 2 2 2
left_child=2 3 -1 5 -5 -2 7 -4 -3 -8 -10
right_child=1 8 6 4 -6 -7 9 -9 10 -11 -12
leaf_value=0.0062682100445513624 0.00013273008843246755 0.0048291488666486514 -0.011249625669657721 -0.010700490439551321 0.0043400367979240153 0.0076644318117086085 -0.0070821695042163372 -0.0014860371299184121 0.011496174868874236 -0.016196436428833175 0.018440548596505638
leaf_weight=9.2916279137134534 52.171501100063324 10.064163774251936 25.66986158490181 21.147702068090439 19.273509413003922 49.186700850725174 9.5650490522384661 25.608674734830856 17.374402970075611 22.229594588279724 10.419190555810927
leaf_count=25 140 27 71 58 52 132 28 72 48 65 29
internal_value=-7.94494e-06 0.00401882 -0.00782005 0.00171388 -0.00354899 0.00384639 -0.00947541 -0.00653361 0.0123332 -0.0138151 0.014719
internal_weight=272.002 179.637 92.3648 141.779 40.4212 101.358 83.0732 51.2785 37.8578 31.7946 27.7936
internal_count=747 486 261 382 110 272 236 143 104 93 77
is_linear=0
shrinkage=0.02


Tree=67
num_leaves=13
num_cat=0
split_feature=14 3 0 9 1 5 13 5 13 10 20 13
split_gain=5.93954 3.96192 5.83739 4.79771 6.44083 6.43642 3.62724 2.59215 2.45372 2.16206 1.22969 0.264557
threshold=0.58543650793650803 -1.0000000180025095e-35 1463.3199554092623 0.43316498316498325 1555.1928138917863 -0.21421883671883668 1.2719737 -0.11529942279942283 1.3838033000000001 2.1666666666666674 1.8333333333333337 0.91808360000000022
decision_type=2 2 2 2 2 2 2 2 2 2 2 2
left_child=1 2 7 5 -5 -3 -4 -1 9 11 -11 -2
right_child=8 3 6 4 -6 -7 -8 -9 -10 10 -12 -13
leaf_value=0.012521417723570644 -0.0075358064607895748 0.009675424387301082 0.0012537759153294023 0.011550021063554159 -0.0035850259492940136 -0.0053886675791654775 -0.011374447440385745 -0.00071848343249425787 0.0036904944164382605 0.0011580217882331126 -0.009217420722369243 -0.015425797318805442
leaf_weight=10.317738711833956 7.4108034223318127 15.737031072378157 13.338296949863432 44.477235198020935 14.172625809907911 34.142650440335274 24.873037651181221 11.620316326618193 7.1104601025581351 10.627846404910089 6.4476901441812506 11.864523351192473
leaf_count=33 30 51 47 146 49 121 92 40 25 40 25 48
internal_value=4.07592e-05 0.00175488 -0.00231675 0.00403028 0.00786035 -0.000499889 -0.0069958 0.00569563 -0.00645683 -0.00854092 -0.00294227 -0.0130123
internal_weight=212.14 168.679 60.1494 108.53 58.6499 49.8797 38.2113 21.9381 43.4613 36.3509 17.0755 19.2753
internal_count=747 579 212 367 195 172 139 73 168 143 65 78
is_linear=0
shrinkage=0.02


Tree=68
num_leaves=10
num_cat=0
split_feature=2 1 12 12 16 0 24 2 19
split_gain=17.2747 8.03327 3.39101 3.65695 2.49432 2.70407 2.28036 2.23285 2.01337
threshold=95.869048364445476 1505.5605911026578 1.5406157000000003 1.1771051000000003 -0.07058033333333337 1476.6938394067474 0.35100732600732604 188.60849823064441 0.5188492063492065
decision_type=2 2 2 2 2 2 2 2 2
left_child=1 2 3 -1 -3 -6 -2 8 -8
right_child=6 4 -4 -5 5 -7 7 -9 -10
leaf_value=-0.003014738675919388 0.0020126184398623691 0.0003204256281829533 -0.012035784682244664 0.0081469475434904019 0.0049296857390070947 0.013061082868313477 -0.0098197955304012187 -0.014154277544274601 -0.0012321034218859275
leaf_weight=36.200311720371246 7.8587657213211051 15.211793184280394 9.3110654950141889 16.126940131187439 33.428267866373062 37.765040069818497 24.813114941120148 22.234763577580452 20.513520956039429
leaf_count=120 28 48 33 54 98 110 91 93 72
internal_value=-2.013e-05 0.00393516 -0.00154408 0.000475987 0.00783969 0.00939192 -0.0077601 -0.00893882 -0.00608692
internal_weight=223.464 148.043 61.6383 52.3273 86.4051 71.1933 75.4202 67.5614 45.3266
internal_count=747 463 207 174 256 208 284 256 163
is_linear=0
shrinkage=0.02


Tree=69
num_leaves=12
num_cat=0
split_feature=4 0 7 24 12 4 4 21 10 14 14
split_gain=16.9792 7.25975 5.72734 4.44639 3.67506 3.36371 2.74198 4.00049 1.73052 1.22895 1.14834
threshold=-0.19168599999999983 1531.2145281907581 1.8030546666666669 0.41756493506493514 1.5721972000000002 0.43319280000000021 -1.5119741 0.98932130000000007 2.1666666666666674 0.41279942279942283 0.55898809523809534
decision_type=2 2 2 2 2 2 2 2 2 2 2
left_child=3 2 4 -1 -2 10 9 -8 -7 -5 -3
right_child=1 5 -4 6 -6 8 7 -9 -10 -11 -12
leaf_value=0.005494221598937578 0.00077940689530618798 0.0072360599614570906 -0.011689929421063098 -0.017313932341568673 0.013078481918208769 0.016516188590783555 -0.0066631413887703415 0.0050278635077826827 0.0076924656744978498 -0.0065405966847395872 -0.0019628640584538407
leaf_weight=12.578084945678709 59.328161269426346 9.2555868029594439 11.763258486986159 11.908671766519548 10.765208303928373 23.246696442365646 78.262608081102371 12.783877491950987 20.988409161567688 10.327185988426207 10.329901635646818
leaf_count=34 160 25 32 35 29 64 217 36 57 30 28
internal_value=-9.36087e-06 0.00461741 0.000623845 -0.00537457 0.00285387 0.00962008 -0.00663638 -0.00496308 0.0126364 -0.0128933 0.00242749
internal_weight=271.538 145.677 81.8566 125.86 70.0934 63.8206 113.282 91.0465 44.2351 22.2359 19.5855
internal_count=747 395 221 352 189 174 318 253 121 65 53
is_linear=0
shrinkage=0.02


Tree=70
num_leaves=10
num_cat=0
split_feature=4 23 5 9 8 16 16 17 24
split_gain=4.98641 4.76138 3.91339 5.46966 3.57299 2.91317 4.33222 0.99635 0.652038
threshold=0.62318259999999992 1.9744603000000003 -0.21421883671883668 0.43316498316498325 2.0785050000000003 -0.33241016666666667 -0.72253166666666668 0.87602616666666699 0.49575924075924083
decision_type=2 2 2 2 2 2 2 2 2
left_child=1 2 4 -4 -1 6 7 -2 -7
right_child=5 -3 3 -5 -6 8 -8 -9 -10
leaf_value=0.012589760169078659 -0.01196441549952809 0.016258861022708307 -0.0062268155359910737 0.0023912585598574944 -0.0029084725938701111 -0.015329514902016249 0.0070964467608106456 -0.0023353957132118204 -0.0058162730908124316
leaf_weight=18.035451680421833 9.3508951216936165 7.5788990557193747 43.434514760971069 86.186548441648483 7.9142737686634055 9.831522464752199 12.474103942513464 9.4465548098087293 7.72289915382862
leaf_count=59 34 26 154 299 26 39 45 35 30
internal_value=4.51239e-05 0.00173627 0.000916677 -0.000506809 0.00785629 -0.00548705 -0.00163057 -0.00758882 -0.0117911
internal_weight=211.976 163.15 155.571 129.621 25.9497 48.826 31.2716 18.7974 17.5544
internal_count=747 564 538 453 85 183 114 69 69
is_linear=0
shrinkage=0.02


Tree=71
num_leaves=10
num_cat=0
split_feature=2 1 27 4 9 24 2 0 19
split_gain=16.7111 7.7064 3.34444 2.89621 2.59417 2.24815 2.19115 2.17315 1.96784
threshold=95.869048364445476 1505.5605911026578 9.5000000000000018 0.74011277500000017 0.65039682539682542 0.35100732600732604 188.60849823064441 1475.5700424255526 0.5188492063492065
decision_type=2 2 2 2 2 2 2 2 2
left_child=1 2 3 -1 7 -2 8 -3 -7
right_child=5 4 -4 -5 -6 6 -8 -9 -10
leaf_value=-0.0058971455163444641 0.0020332848691018675 0.0051463835651417581 0.008090028420528755 0.0061908832464453445 -0.0019490328557360444 -0.0097296031752654583 -0.014053493930401249 0.01218275837111067 -0.0012257658004482144
leaf_weight=42.101012736558914 7.8508428484201422 37.968878746032715 10.758978575468062 8.7037062644958478 9.3122070431709272 24.663888394832611 21.93898056447506 39.376356422901154 20.505348891019821
leaf_count=142 28 112 35 30 29 91 93 115 72
internal_value=-2.25672e-05 0.00385587 -0.00151794 -0.00370813 0.00767015 -0.00766777 -0.00884523 0.0088639 -0.00602262
internal_weight=223.18 148.221 61.5637 50.8047 86.6574 74.9591 67.1082 77.3452 45.1692
internal_count=747 463 207 172 256 284 256 227 163
is_linear=0
shrinkage=0.02


Tree=72
num_leaves=13
num_cat=0
split_feature=2 12 21 8 2 2 8 21 21 4 4 10
split_gain=20.2526 8.01743 8.03966 5.45652 3.95942 3.74043 3.37219 2.27548 3.00203 1.91077 0.93511 0.320455
threshold=28.061172678801999 1.5721972000000002 0.20452383000000005 0.96681283333333345 176.99255624503135 122.16611706572247 1.0782050000000003 0.63049721000000003 -0.011787100000000003 -0.87387859000000001 -1.2787679899999997 2.1666666666666674
decision_type=2 2 2 2 2 2 2 2 2 2 2 2
left_child=3 2 6 -1 5 -3 -2 8 -5 -4 -9 -6
right_child=1 4 9 7 11 -7 -8 10 -10 -11 -12 -13
leaf_value=0.0062843650884497927 -0.0040512981907223043 0.0088110745549559184 -0.0022121305899528531 -0.011076185145052618 0.017260733314348648 -0.0036826945478014902 0.0054342417899482147 -0.0098483479504648391 -0.0013139119995470264 -0.014155612245111627 -0.018668330969256828 0.0099959861995542396
leaf_weight=9.2864228785037977 18.252344876527786 29.33346563577652 9.7131735682487506 25.585355460643768 16.729945927858356 13.072263419628142 66.237007439136505 20.247462630271915 25.523902624845505 13.944327771663664 11.242277652025221 11.963496476411818
leaf_count=25 49 79 27 71 47 35 178 60 72 38 33 33
internal_value=-1.19962e-05 0.00389025 0.000422734 -0.00760578 0.00905782 0.00491747 0.00333825 -0.00924783 -0.00635807 -0.00962162 -0.0135364 0.0147378
internal_weight=271.131 179.246 108.147 91.8854 71.0992 42.4057 84.4894 82.599 51.1093 23.6575 31.4897 28.6934
internal_count=747 486 292 261 194 114 227 236 143 65 93 80
is_linear=0
shrinkage=0.02


Tree=73
num_leaves=12
num_cat=0
split_feature=14 9 7 15 1 2 24 13 10 2 13
split_gain=5.64051 3.8569 5.30494 5.22283 3.63011 3.56395 2.71588 2.39941 2.15125 2.73606 0.282986
threshold=0.58543650793650803 0.44484126984126993 0.91631716666666685 0.90000000000000013 1638.7993197732753 56.805033999523864 0.61569264069264074 1.3838033000000001 2.1666666666666674 125.82242647028762 0.91808360000000022
decision_type=2 2 2 2 2 2 2 2 2 2 2
left_child=1 3 -3 5 -4 -1 -5 8 10 -10 -2
right_child=7 2 4 6 -6 -7 -8 -9 9 -11 -12
leaf_value=0.0077267969404183423 -0.0073536420868611663 -0.0069976255298222082 0.008479482392685412 -0.0079849321314914897 -0.0050722988055368354 -0.0054726238517657597 0.0038998141312426445 0.0037098484301162529 -0.011987595465660817 0.0034732498593540119 -0.015339693958392997
leaf_weight=28.365414589643478 7.3083237558603313 12.095702797174452 63.016496747732162 38.142685696482658 8.1570203602313978 10.346405327320097 8.6757421195507032 7.1004315912723532 6.6544030159711864 10.306293815374373 11.705510333180426
leaf_count=93 30 44 209 139 28 37 29 25 26 39 48
internal_value=4.83697e-05 0.00171219 0.00475548 -0.00124826 0.00684988 0.00409969 -0.00570529 -0.00631724 -0.00839722 -0.00281104 -0.0128908
internal_weight=211.874 168.799 83.2692 85.5302 71.1735 38.7118 46.8184 43.075 35.9745 16.9607 19.0138
internal_count=747 579 281 298 237 130 168 168 143 65 78
is_linear=0
shrinkage=0.02


Tree=74
num_leaves=10
num_cat=0
split_feature=2 1 12 21 9 24 2 0 8
split_gain=16.1788 7.47584 3.31411 3.60059 2.50454 2.20314 2.16631 2.10465 2.07709
threshold=95.869048364445476 1505.5605911026578 1.5406157000000003 -0.091048899999999974 0.65039682539682542 0.35100732600732604 188.60849823064441 1475.5700424255526 1.000960166666667
decision_type=2 2 2 2 2 2 2 2 2
left_child=1 2 3 -1 7 -2 8 -3 -7
right_child=5 4 -4 -5 -6 6 -8 -9 -10
leaf_value=-0.0034940064615533325 0.002019198698620201 0.0050446818159176291 -0.011930229280681191 0.0071286353134846657 -0.0019226791168218571 -0.0138479625190074 -0.013963473377987709 0.011960042367460007 -0.0034327991583186245
leaf_weight=32.864263385534286 7.8536484986543647 38.047056674957275 9.2361041605472547 19.444522887468338 9.3040799796581251 9.5697387009859067 21.674625918269157 39.518675744533539 35.412749961018562
leaf_count=112 28 112 33 62 29 35 93 115 128
internal_value=-2.24723e-05 0.00378192 -0.0015141 0.000476837 0.0075313 -0.00757649 -0.00874976 0.0087008 -0.00594502
internal_weight=222.925 148.415 61.5449 52.3088 86.8698 74.5108 66.6571 77.5657 44.9825
internal_count=747 463 207 174 256 284 256 227 163
is_linear=0
shrinkage=0.02


Tree=75
num_leaves=13
num_cat=0
split_feature=2 12 24 8 15 2 2 4 25 24 19 14
split_gain=19.4967 7.77438 6.76454 5.32189 4.20102 3.87383 3.65759 2.85606 2.17097 3.09388 0.736587 0.503504
threshold=28.061172678801999 1.5721972000000002 0.51309079809079816 0.96681283333333345 1.4500000000000002 176.99255624503135 122.16611706572247 -0.30710399999999988 1.9000000000000001 0.45795815295815301 0.73172799422799428 0.63499583749583766
decision_type=2 2 2 2 2 2 2 2 2 2 2 2
left_child=3 2 4 -1 -2 6 -3 -4 9 -5 -10 -7
right_child=1 5 7 8 -6 11 -8 -9 10 -11 -12 -13
leaf_value=0.0062328309213076109 0.0061211108297021958 0.0086695694161533915 -0.0023014514979495092 -0.015069093728351364 -0.004772710156668177 0.017371068714642036 -0.0036841842210945139 -0.014838429407088176 -0.014394361481906513 -0.0027092581559652624 -0.0062387981920934204 0.0095154290543337915
leaf_weight=9.286705940961836 59.514707267284393 29.328945815563202 19.629796236753467 10.118970841169356 17.46358585357666 16.454566687345508 13.069723844528196 11.48454102873802 28.591111660003662 34.50014340877533 9.1031598746776563 12.113832324743269
leaf_count=25 160 79 54 28 47 46 35 31 84 97 27 34
internal_value=-1.44858e-05 0.0038135 0.000399353 -0.0074794 0.00359454 0.00890813 0.0048182 -0.00730918 -0.00910668 -0.00582501 -0.0126886 0.0145422
internal_weight=270.66 179.06 108.093 91.6001 76.9783 70.9671 42.3987 31.1143 82.3134 44.6191 37.6943 28.5684
internal_count=747 486 292 261 207 194 114 85 236 125 111 80
is_linear=0
shrinkage=0.02


Tree=76
num_leaves=12
num_cat=0
split_feature=14 3 15 9 2 5 13 13 10 2 13
split_gain=5.47926 3.81438 5.77829 4.55308 6.18878 6.11099 2.36498 2.21642 2.13106 2.68793 0.283677
threshold=0.58543650793650803 -1.0000000180025095e-35 0.45000000000000007 0.43316498316498325 -39.868685830485212 -0.18144466644466642 1.3838033000000001 1.2465730000000002 2.1666666666666674 125.82242647028762 0.91808360000000022
decision_type=2 2 2 2 2 2 2 2 2 2 2
left_child=1 2 -1 5 -5 -3 8 -4 10 -10 -2
right_child=6 3 7 4 -6 -7 -8 -9 9 -11 -12
leaf_value=0.011187655017878533 -0.0072817575079453783 0.0078436503460958679 0.0014519500773580774 -0.0066173178818553641 0.010438412450779824 -0.006158651964184695 0.00370827072962047 -0.007633281657660319 -0.011902628701987375 0.0034518950074517232 -0.01527079769818338
leaf_weight=9.5231759250164014 7.2663200348615673 19.825295209884644 14.204888239502905 9.3655073940753919 49.608318388462067 30.007200583815575 7.0988224595785132 36.325728356838226 6.5990354716777828 10.313524931669233 11.579653561115263
leaf_count=31 30 64 50 32 163 108 25 131 26 39 48
internal_value=5.30919e-05 0.00168934 -0.00231126 0.00391655 0.00763131 -0.000503934 -0.00623972 -0.00506187 -0.00831617 -0.00275758 -0.0128134
internal_weight=211.717 168.86 60.0538 108.806 58.9738 49.8325 42.8574 50.5306 35.7585 16.9126 18.846
internal_count=747 579 212 367 195 172 168 181 143 65 78
is_linear=0
shrinkage=0.02


Tree=77
num_leaves=10
num_cat=0
split_feature=1 6 0 16 0 3 9 0 19
split_gain=14.1005 6.56435 4.65157 4.26287 4.5468 2.87637 3.62777 2.26132 1.99181
threshold=1493.166798955154 0.87312050000000008 1534.7290629321139 -0.30772649999999974 1578.4620458576564 -1.0000000180025095e-35 0.49867724867724877 1469.46779627203 0.39049953314659197
decision_type=2 2 2 2 2 2 2 2 2
left_child=2 3 5 -2 -5 7 -7 -1 -4
right_child=1 -3 8 4 -6 6 -8 -9 -10
leaf_value=-0.0039797950423775081 -0.0031036978914614388 -0.0074784775933591533 -0.0019929144876634679 0.0099010054592867849 -0.0052987008060175166 -0.0095531416513610374 0.0018951724300474326 0.0061926001822337441 -0.014935678246068925
leaf_weight=14.256127715110777 14.316001221537588 14.010241046547888 6.9526026546955135 76.991211861371994 7.9524840861558905 31.655767604708672 15.91878482699394 19.260894581675529 21.317339882254601
leaf_count=48 47 49 28 226 27 110 56 66 90
internal_value=-2.39608e-05 0.00489162 -0.00513153 0.00671475 0.00840963 -0.00259649 -0.00572113 0.00181798 -0.0119978
internal_weight=222.631 113.27 109.362 99.2597 84.9437 81.0916 47.5746 33.517 28.2699
internal_count=747 349 398 300 253 280 166 114 118
is_linear=0
shrinkage=0.02


Tree=78
num_leaves=12
num_cat=0
split_feature=2 2 8 17 1 11 25 24 17 3 5
split_gain=18.8232 7.57038 5.18845 3.77004 4.04522 3.63987 2.12108 3.04817 1.6719 1.34713 0.706915
threshold=28.061172678801999 188.60849823064441 0.96681283333333345 1.5393203333333336 1468.8328409639039 0.18420200000000006 1.9000000000000001 0.46311445090856862 1.5457121666666669 -1.0000000180025095e-35 -0.22762681762681755
decision_type=2 2 2 2 2 2 2 2 2 2 2
left_child=2 3 -1 4 -2 -5 7 -4 9 -3 -8
right_child=1 8 6 5 -6 -7 10 -9 -10 -11 -12
leaf_value=0.0061691109343032426 -0.00060613488943893486 0.013720382542283116 -0.014188042745951127 -0.0085299982798970053 0.0073413413696039589 0.0032560779397256779 -0.0069699148622025739 -0.0023927540961377093 0.017483217330517265 0.003630468982131515 -0.0145251713241878
leaf_weight=9.2868124246597272 46.946629494428635 8.9109682738780958 11.527570366859434 23.258850663900375 53.915212005376816 17.412788450717926 11.351799994707106 33.013832777738571 13.135279446840284 15.307868152856829 26.140029072761536
leaf_count=25 126 25 32 64 145 47 34 93 37 42 77
internal_value=-1.67405e-05 0.00374363 -0.00736538 0.00157938 0.00365288 -0.00347897 -0.00897753 -0.00573387 0.0116368 0.00781906 -0.0125301
internal_weight=270.208 178.888 91.32 141.533 100.862 40.6716 82.0332 44.5414 37.3541 24.2188 37.4918
internal_count=747 486 261 382 271 111 236 125 104 67 111
is_linear=0
shrinkage=0.02


Tree=79
num_leaves=13
num_cat=0
split_feature=14 9 5 7 15 12 21 9 16 8 17 22
split_gain=5.31601 3.68829 5.62376 4.81256 4.56851 3.8255 2.45767 2.35426 3.29458 2.15664 0.8855 0.285108
threshold=0.58543650793650803 0.43172105672105682 -0.17188672438672431 0.90215616666666676 0.90000000000000013 0.83762910000000013 -0.75898209999999999 0.61161616161616184 0.11969833333333345 0.96003116666666666 1.8415020000000004 1.4544930000000003
decision_type=2 2 2 2 2 2 2 2 2 2 2 2
left_child=1 2 5 -3 -4 -1 -5 11 9 -9 -10 -2
right_child=7 3 4 6 -6 -7 -8 8 10 -11 -12 -13
leaf_value=-0.0057688522557440679 -0.014999802588033169 -0.0063964302123083825 0.0012817761755785809 -0.0029376782701465392 -0.011006732835676771 0.0095301848102979335 0.0075604450204026273 -0.0036041506860444179 -0.014185269032920274 0.011300440031252424 -0.0032860815684430211 -0.0065837663722459186
leaf_weight=8.2695335447788256 8.9084450602531415 13.178707882761953 20.456161737442017 9.3873544186353666 27.102204352617264 21.464341938495636 69.054225772619247 6.4176935255527514 6.2712811827659589 7.1739763170480728 7.4447265118360519 6.4191823601722708
leaf_count=27 36 48 71 32 102 70 229 26 26 27 28 25
internal_value=5.88368e-05 0.00166696 -0.00152246 0.00436657 -0.00576237 0.00516091 0.00625776 -0.00615857 -0.00237604 0.00436105 -0.00903065 -0.0122168
internal_weight=211.548 168.913 77.2922 91.6203 47.5584 29.7339 78.4416 42.6353 27.3077 13.5917 13.716 15.3276
internal_count=747 579 270 309 173 97 261 168 107 53 54 61
is_linear=0
shrinkage=0.02


Tree=80
num_leaves=11
num_cat=0
split_feature=2 16 12 12 0 8 2 24 2 8
split_gain=15.2274 5.8468 4.25066 3.88209 3.02299 3.1045 2.28449 2.15061 2.09318 2.0621
threshold=95.869048364445476 0.35582533333333344 1.5406157000000003 1.1856925000000003 1476.6938394067474 1.3455285000000006 -16.961403846911022 0.35100732600732604 188.60849823064441 1.000960166666667
decision_type=2 2 2 2 2 2 2 2 2 2
left_child=1 2 3 -1 6 -6 -3 -2 9 -9
right_child=7 4 -4 -5 5 -7 -8 8 -10 -11
leaf_value=-0.00097477760863488568 0.0020663117932391362 0.0071018078815281577 -0.0094475715589959503 0.0090305806813436151 0.0055217992913200028 0.018364071411851743 -0.0038526256914155226 -0.013743270491816426 -0.013786688238847688 -0.0033301706735761184
leaf_weight=47.772908478975296 7.8354476243257514 21.744923382997513 14.233899265527723 21.660830199718475 16.532384872436523 16.316811174154282 10.412699162960051 9.4711098521947843 21.136829733848572 35.236716046929359
leaf_count=155 28 63 48 70 49 46 32 35 93 128
internal_value=-2.67085e-05 0.00364493 0.000108357 0.00220204 0.00809581 0.012314 0.00348521 -0.00741186 -0.00858371 -0.0058323
internal_weight=222.355 148.674 83.6676 69.4337 65.0068 32.8492 32.1576 73.6801 65.8447 44.7078
internal_count=747 463 273 225 190 95 95 284 256 163
is_linear=0
shrinkage=0.02


Tree=81
num_leaves=13
num_cat=0
split_feature=2 12 21 2 17 2 12 13 25 4 5 17
split_gain=18.167 7.33999 7.58347 3.70802 3.67876 3.57864 2.49373 1.94321 4.06085 1.86675 1.28093 0.50334
threshold=28.061172678801999 1.5721972000000002 0.20452383000000005 176.99255624503135 1.0953655000000002 122.16611706572247 0.76961690000000005 1.7040864000000002 1.9000000000000001 -0.87387859000000001 -0.093708513708513727 1.0953655000000002
decision_type=2 2 2 2 2 2 2 2 2 2 2 2
left_child=6 2 4 5 -2 -3 -1 8 -8 -4 -9 -5
right_child=1 3 9 11 -6 -7 7 10 -10 -11 -12 -13
leaf_value=0.0024673663650260297 -0.0011803167461254503 0.0084575401494287657 -0.0020911613228555555 0.008161617198848916 0.0070776974725676386 -0.0037616606588336049 -8.7868359888459006e-05 -0.0083311701436783112 -0.011179939425627491 -0.013907075565513112 -0.018111934702116635 0.016355679720037757
leaf_weight=8.7825788259506208 39.842433929443359 29.311013132333755 9.6758222281932849 9.0232999324798602 44.575808346271515 13.063105344772337 26.349876880645752 18.707357525825504 26.25487145781517 13.885293066501616 10.94328126311302 19.296466678380966
leaf_count=25 107 79 27 25 120 35 73 55 77 38 31 55
internal_value=-1.92871e-05 0.00367475 0.000358132 0.00863707 0.0031886 0.00464461 -0.00725217 -0.00833114 -0.00576649 -0.00941878 -0.0124794 0.0141805
internal_weight=269.711 178.673 107.979 70.6939 84.4182 42.3741 91.038 82.2554 52.6047 23.5611 29.6506 28.3198
internal_count=747 486 292 194 227 114 261 236 150 65 86 80
is_linear=0
shrinkage=0.02


Tree=82
num_leaves=15
num_cat=0
split_feature=0 26 12 7 16 12 9 7 2 0 27 0 23 16
split_gain=5.19467 5.37476 5.6939 5.95172 3.86289 3.38091 3.42032 4.66738 3.65292 2.48335 2.69185 1.65824 2.87719 1.55817
threshold=1486.7326887483216 6.5000000000000009 1.1928582000000003 0.91631716666666685 -0.3877886499999999 1.0589172300000003 0.43134920634920632 1.0429081666666671 -45.506242519458731 1454.8441960007096 7.5000000000000009 1550.693926304242 1.2122679000000001 0.082369333333333447
decision_type=2 2 2 2 2 2 2 2 2 2 2 2 2 2
left_child=5 11 3 -3 -4 9 7 -7 -8 10 -1 -2 -13 -11
right_child=1 2 4 -5 -6 6 8 -9 -10 13 -12 12 -14 -15
leaf_value=-0.0018646646789364043 -0.012688123608274012 -0.0026516392008193697 0.0053959485294666366 0.019340350469598339 -0.0069396050663937982 0.011207709134511617 -0.00054914636552960455 -0.0058789248060052111 0.013065535761849763 -0.011038059549628131 0.011608320272114454 0.0047740415659905649 -0.010357490519089605 0.00035075564695332269
leaf_weight=15.719437554478647 20.716843038797379 8.2919188588857669 13.474561795592306 9.9589099287986738 32.844417318701744 8.9638872146606463 10.168767943978308 16.83008123934269 29.34954671561718 11.026838585734369 8.1517030298709852 7.7496773302555111 10.809105038642882 7.352708861231803
leaf_count=52 80 30 49 33 123 30 34 58 94 40 27 29 43 25
internal_value=6.09537e-05 -0.00310495 0.000435375 0.0096261 -0.00327063 0.00313631 0.00596044 0.000181035 0.00958578 -0.00121994 0.00293753 -0.00884126 -0.00401566 -0.00659578
internal_weight=211.408 103.845 64.5698 18.2508 46.319 107.563 65.3123 25.794 39.5183 42.2507 23.8711 39.2756 18.5588 18.3795
internal_count=747 387 235 63 172 360 216 88 128 144 79 152 72 65
is_linear=0
shrinkage=0.02


Tree=83
num_leaves=11
num_cat=0
split_feature=2 1 27 4 9 16 12 7 12 14
split_gain=14.7607 6.73899 3.26128 2.90236 2.34399 2.15755 2.12438 1.16964 3.94262 0.881879
threshold=95.869048364445476 1505.5605911026578 9.5000000000000018 0.74011277500000017 0.65039682539682542 -0.07058033333333337 1.0475328000000002 1.8453316666666668 2.1039569000000005 0.48073232323232329
decision_type=2 2 2 2 2 2 2 2 2 2
left_child=1 2 3 -1 5 -3 -2 9 -9 -8
right_child=6 4 -4 -5 -6 -7 7 8 -10 -11
leaf_value=-0.0058330380608752732 -1.1190926261419961e-05 0.0010294645014997886 0.0080141346023174537 0.0062879812109674828 -0.0020103052367128611 0.0098112287916347161 -0.015960809194781128 0.0042314593449362696 -0.011580838785478467 -0.0081892847477667702
leaf_weight=41.934772938489914 13.53614057600498 14.468910098075865 10.769965082406996 8.6702174842357618 9.3152187764644605 63.65647429227829 12.285083726048468 9.9523038715124148 13.978992179036139 23.499931693077087
leaf_count=142 48 45 35 30 29 182 46 39 58 93
internal_value=-2.56687e-05 0.00357933 -0.00146386 -0.00363597 0.00711831 0.00824368 -0.00732589 -0.00892351 -0.0050188 -0.011273
internal_weight=222.068 148.816 61.375 50.605 87.4406 78.1254 73.2525 59.7163 23.9313 35.785
internal_count=747 463 207 172 256 227 284 236 97 139
is_linear=0
shrinkage=0.02


Tree=84
num_leaves=11
num_cat=0
split_feature=2 8 2 21 17 17 24 0 17 21
split_gain=17.5263 7.33444 5.72582 4.26292 3.80839 4.63829 2.50869 2.0528 1.63281 1.65358
threshold=59.465245423254608 0.94416433333333349 188.60849823064441 -0.53992769999999979 1.497217666666667 1.0484178333333334 0.46242424242424246 1427.8219395283616 1.5457121666666669 -0.22843559999999996
decision_type=2 2 2 2 2 2 2 2 2 2
left_child=1 -1 4 -3 5 -2 -6 -5 9 -4
right_child=2 3 8 7 6 -7 -8 -9 -10 -11
leaf_value=0.0082386785977077055 -0.00049467335368501145 0.0034934533712992024 0.011368478083588854 -0.014456227586050426 0.0039430425003493339 0.0091461508281795167 -0.0073304716803494607 -0.0070035835166239006 0.017088739132546087 0.00037541719974573521
leaf_weight=12.652638971805571 36.91151037812233 12.129405051469801 15.103110700845717 20.413586556911469 11.152865737676619 41.293238490819931 21.406538009643555 76.204439610242844 12.992242842912672 8.9826232790946978
leaf_count=34 99 33 42 59 30 111 58 219 37 25
internal_value=-2.3165e-05 -0.0056366 0.00457976 -0.00732956 0.00223448 0.00462177 -0.00340683 -0.00873064 0.0112907 0.00752681
internal_weight=269.242 121.4 147.842 108.747 110.764 78.2047 32.5594 96.618 37.078 24.0857
internal_count=747 345 402 311 298 210 88 278 104 67
is_linear=0
shrinkage=0.02


Tree=85
num_leaves=13
num_cat=0
split_feature=14 9 7 15 1 1 11 9 16 8 17 17
split_gain=5.0512 3.55621 4.9429 4.87324 3.47035 3.44799 2.68102 2.33571 3.23168 2.10311 0.878503 0.254028
threshold=0.58543650793650803 0.44484126984126993 0.91631716666666685 0.90000000000000013 1457.4026560888244 1638.7993197732753 -0.70062394999999988 0.61161616161616184 0.11969833333333345 0.96003116666666666 1.8415020000000004 1.472712666666667
decision_type=2 2 2 2 2 2 2 2 2 2 2 2
left_child=1 3 -3 4 -1 -4 -5 11 9 -9 -10 -2
right_child=7 2 5 6 -6 -7 -8 8 10 -11 -12 -13
leaf_value=-0.0070479266228195949 -0.014892266529271969 -0.0068602651946863902 0.0081199161563594059 0.002040378194356035 0.0069784091915663328 -0.0050756687031165574 -0.0084539487690467909 -0.0034999677892309611 -0.014070243439443858 0.011239069165606505 -0.0031828117539210322 -0.0066817792114598901
leaf_weight=8.0620834529399854 8.5850049853324872 11.989165320992468 63.52682588994503 12.680800288915632 30.826288878917694 8.151403993368147 33.722742483019829 6.3740713596344012 6.1682688146829587 7.184096023440361 7.4008950144052505 6.5514755994081488
leaf_count=28 35 44 209 44 102 28 124 26 26 27 28 26
internal_value=6.76957e-05 0.00162975 0.00454005 -0.00122146 0.00391663 0.00654258 -0.0055614 -0.00602409 -0.00225493 0.00440801 -0.00889535 -0.0120968
internal_weight=211.223 168.959 83.6674 85.2919 38.8884 71.6782 46.4035 42.2638 27.1273 13.5582 13.5692 15.1365
internal_count=747 579 281 298 130 237 168 168 107 53 54 61
is_linear=0
shrinkage=0.02


Tree=86
num_leaves=11
num_cat=0
split_feature=2 16 18 18 23 23 18 24 2 8
split_gain=14.3157 5.48041 5.23058 7.67122 3.49683 3.05108 3.43766 2.10805 2.05332 2.04706
threshold=95.869048364445476 0.35582533333333344 1.3893891666666671 1.1466273333333337 1.5614673000000001 0.8021391000000001 1.1615111666666667 0.35100732600732604 188.60849823064441 1.000960166666667
decision_type=2 2 2 2 2 2 2 2 2 2
left_child=1 2 3 -1 -4 -3 -7 -2 9 -9
right_child=7 5 4 -5 -6 6 -8 8 -10 -11
leaf_value=-0.0043132133894439239 0.0021425603743685964 0.015128553128711064 -0.011669795156338538 0.012832566749796954 -8.2835422053358885e-05 0.0011004260236504926 0.012237095662625831 -0.013619554473582169 -0.013632535687076975 -0.0032026892932090368
leaf_weight=17.943384081125259 7.8080191761255255 16.436911195516586 16.344618320465088 22.35145303606987 27.009912222623825 32.426052093505859 16.410937309265137 9.3550835549831373 20.671857491135597 35.021434277296066
leaf_count=58 28 47 55 70 90 95 48 35 93 128
internal_value=-2.74102e-05 0.00351421 8.53387e-05 0.00522952 -0.00466082 0.00781058 0.00505332 -0.00724335 -0.00841564 -0.00569451
internal_weight=221.78 148.923 83.6494 40.2948 43.3545 65.2739 48.837 72.8564 65.0484 44.3765
internal_count=747 463 273 128 145 190 143 284 256 163
is_linear=0
shrinkage=0.02


Tree=87
num_leaves=11
num_cat=0
split_feature=4 0 7 1 12 8 21 0 12 19
split_gain=13.9926 6.02145 5.47534 3.77722 3.38027 3.36655 4.0805 5.08337 2.51907 2.12098
threshold=-0.19168599999999983 1531.2145281907581 1.8030546666666669 1535.5627348346554 1.5721972000000002 1.000960166666667 0.3978209900000001 1427.8219395283616 1.4795267000000003 0.50515873015873025
decision_type=2 2 2 2 2 2 2 2 2 2
left_child=5 2 4 8 -2 -1 7 -7 -3 -8
right_child=1 3 -4 -5 -6 6 9 -9 -10 -11
leaf_value=0.0060877892122433901 0.00074051296683065333 0.0020442145014342565 -0.011525855006227383 -0.0011585683044024948 0.012555981674007297 -0.014277906428629484 -0.00066411825105977724 0.00059131469731893654 0.01336749203177914 -0.011450907247876426
leaf_weight=9.2682146430015546 59.125282526016235 10.73874646425247 11.685666978359221 11.85715067386627 10.729727804660795 10.235428184270857 9.2406283617019636 49.142670392990112 40.346041738986969 46.376635313034058
leaf_count=25 160 29 32 32 29 29 26 135 113 137
internal_value=-2.29173e-05 0.00418869 0.000552317 0.00878599 0.00273519 -0.00493012 -0.00588019 -0.0021327 0.0111105 -0.00973743
internal_weight=268.746 144.483 81.5407 62.9419 69.855 124.264 114.995 59.3781 51.0848 55.6173
internal_count=747 395 221 174 189 352 327 164 142 163
is_linear=0
shrinkage=0.02


Tree=88
num_leaves=14
num_cat=0
split_feature=0 3 14 2 5 12 15 12 13 0 27 16 8
split_gain=4.91589 4.30889 6.22809 3.51007 5.63209 3.26411 4.19062 4.98751 2.42958 2.38426 2.60463 1.52559 0.914712
threshold=1486.7326887483216 1.0000000180025095e-35 0.57979284604284609 106.8542064244465 -0.032281746031746043 1.0589172300000003 0.55000000000000016 1.1086577 1.2846549000000003 1454.8441960007096 7.5000000000000009 0.082369333333333447 1.5233546666666671
decision_type=2 2 2 2 2 2 2 2 2 2 2 2 2
left_child=5 3 8 12 -5 9 -7 -8 -3 10 -1 -11 -2
right_child=1 2 -4 4 -6 6 7 -9 -10 11 -12 -13 -14
leaf_value=-0.0018969899885638872 -0.012984867730792035 0.01803506890932122 -0.0078591251116283227 0.012293541319180349 -0.0054621348747476185 0.018282192877765367 0.017674433688540239 0.0011426134200658714 0.0034252813720994503 -0.010937206136390432 0.011325201872804802 0.00034511943416105537 -0.0045460920799041396
leaf_weight=15.73124933242798 21.555587455630306 7.6711113303899827 11.879359424114226 8.0492293387651426 32.69539912045002 8.4240500628948194 7.6735462248325339 49.419192954897881 11.776029840111731 10.943141475319864 8.2102689146995527 7.3521280139684668 9.7076709866523725
leaf_count=52 82 26 47 28 127 26 25 165 41 40 27 25 36
internal_value=6.88062e-05 -0.00302332 0.00306019 -0.00570296 -0.00169607 0.00305304 0.00582112 0.003665 0.00988625 -0.00122981 0.00282938 -0.00651673 -0.0106486
internal_weight=211.088 103.334 31.3265 72.0079 40.7446 107.754 65.5168 57.0927 19.4471 42.2368 23.9415 18.2953 31.2633
internal_count=747 387 114 273 155 360 216 190 67 144 79 65 118
is_linear=0
shrinkage=0.02


Tree=89
num_leaves=11
num_cat=0
split_feature=1 6 4 16 16 0 14 11 6 20
split_gain=12.4883 5.92269 4.85005 4.06249 3.85251 4.11478 2.40983 3.16978 1.89967 1.78023
threshold=1493.166798955154 0.87312050000000008 -0.42527183999999996 -0.93350166666666656 -0.30772649999999974 1578.4620458576564 0.45327020202020207 -1.0263746999999996 -0.15568299999999999 0.83333333333333337
decision_type=2 2 2 2 2 2 2 2 2 2
left_child=2 4 6 8 -2 -6 7 -1 -4 -5
right_child=1 -3 3 9 5 -7 -8 -9 -10 -11
leaf_value=0.0068920318243829238 -0.0030660884814588908 -0.0072674430398092472 0.0074224525781363265 -0.0050579242090436427 0.0092816503034446989 -0.0052121652830935585 0.0098625569001361234 -0.0086169413169662236 -0.0048331862643336476 -0.01261374930933766
leaf_weight=8.2156167626380938 14.269206583499907 13.81865158677101 8.277426093816759 23.138293460011482 77.712603449821472 7.8786752074956885 9.3721850812435132 11.226057112216951 10.049667313694952 37.531942084431648
leaf_count=27 47 49 29 88 226 27 31 38 38 147
internal_value=-2.88152e-05 0.00456749 -0.0048911 -0.00743357 0.00628084 0.00787961 0.00202789 -0.00194881 0.000696233 -0.0098933
internal_weight=221.49 113.679 107.811 78.9973 99.8605 85.5913 28.8139 19.4417 18.3271 60.6702
internal_count=747 349 398 302 300 253 96 65 67 235
is_linear=0
shrinkage=0.02


Tree=90
num_leaves=13
num_cat=0
split_feature=2 12 21 8 14 2 2 21 21 23 2 14
split_gain=16.3717 6.81191 7.19869 4.80519 4.38164 3.41992 3.55378 2.15365 3.02877 1.57852 1.02003 0.567181
threshold=28.061172678801999 1.5721972000000002 0.20452383000000005 0.96681283333333345 0.4972863247863249 176.99255624503135 122.16611706572247 0.63049721000000003 -0.011787100000000003 1.1600234000000003 -130.39568031610767 0.63499583749583766
decision_type=2 2 2 2 2 2 2 2 2 2 2 2
left_child=3 2 4 -1 -2 6 -3 8 -5 -4 -9 -7
right_child=1 5 9 7 -6 11 -8 10 -10 -11 -12 -13
leaf_value=0.0060769330781064862 0.006312380437185061 0.0082593801182799121 -0.0041867757629974233 -0.010461796387576175 -0.0031470064630491259 0.016528963356583486 -0.0039202505505778699 -0.005847217102594583 -0.00063386674519262079 -0.015169850524513232 -0.015217206345037647 0.008611296839972098
leaf_weight=9.2833352684974653 55.375407636165619 29.256102204322815 13.729941308498384 25.251838266849518 28.939237147569656 16.080216020345691 13.051390886306761 9.1912857294082659 25.165153324604034 9.7392246723175031 21.339579343795776 11.849378526210783
leaf_count=25 149 79 38 71 78 46 35 28 72 27 65 34
internal_value=-2.76013e-05 0.00347915 0.000285526 -0.00693044 0.00304337 0.00827911 0.00445216 -0.00850252 -0.00570291 -0.00925996 -0.0127347 0.0136527
internal_weight=268.252 178.021 107.784 90.2312 84.3146 70.2371 42.3075 80.9479 50.417 23.4692 30.5309 27.9296
internal_count=747 486 292 261 227 194 114 236 143 65 93 80
is_linear=0
shrinkage=0.02


Tree=91
num_leaves=11
num_cat=0
split_feature=14 3 15 13 5 13 13 10 2 13
split_gain=4.76201 3.57148 5.41849 3.06043 3.60779 2.31316 2.21225 2.18519 2.66806 0.307984
threshold=0.58543650793650803 -1.0000000180025095e-35 0.67500000000000016 1.0221819000000003 -0.21421883671883668 1.3838033000000001 1.2465730000000002 2.1666666666666674 125.82242647028762 0.91808360000000022
decision_type=2 2 2 2 2 2 2 2 2 2
left_child=1 2 -1 -3 -5 7 -4 9 -9 -2
right_child=5 3 6 4 -6 -7 -8 8 -10 -11
leaf_value=0.0079069098410559143 -0.0069669982726203589 0.014209395421868705 0.0008679830245291836 0.010518315450216656 0.00076650574972826927 0.0039884762402772958 -0.0085479293307428005 -0.011599054238444239 0.0038715272753730608 -0.015091443348941039
leaf_weight=14.572707161307333 7.08195233345032 9.2642992287874204 13.594169080257414 17.834668219089508 82.102158650755882 7.0115971416234961 31.677800104022026 6.3927259147167232 10.133603915572165 11.230510726571081
leaf_count=48 30 31 48 57 279 25 116 26 39 48
internal_value=7.81288e-05 0.00158856 -0.00229318 0.0037355 0.00261359 -0.00587097 -0.00571966 -0.007967 -0.00231906 -0.0125765
internal_weight=210.896 169.046 59.8447 109.201 99.9368 41.8504 45.272 34.8388 16.5263 18.3125
internal_count=747 579 212 367 336 168 164 143 65 78
is_linear=0
shrinkage=0.02


Tree=92
num_leaves=15
num_cat=0
split_feature=1 4 19 8 16 17 18 8 11 15 0 20 7 22
split_gain=12.052 4.71134 4.69993 5.433 3.99176 3.45196 3.97348 2.86457 3.5859 2.69948 1.84177 1.75696 1.7157 1.64107
threshold=1493.166798955154 -0.42527183999999996 0.56701839826839839 1.3860713333333334 -0.93350166666666656 1.6638198333333334 1.3941073333333336 1.6081300000000003 -1.1050523999999997 1.6750000000000003 1476.6938394067474 0.83333333333333337 1.253076166666667 1.9328231000000002
decision_type=2 2 2 2 2 2 2 2 2 2 2 2 2 2
left_child=1 7 5 9 12 6 -2 -1 -9 -4 -5 -6 -3 -7
right_child=2 4 3 10 11 13 -8 8 -10 -11 -12 -13 -14 -15
leaf_value=0.010730200534115499 0.0016993755320110133 0.0063550890732215429 0.0064356091426805116 0.0081529600066989564 -0.0049886500407619249 0.01311453608361092 -0.011542714671766343 0.0074333163218243551 -0.0090270916778373098 -0.0055677638697855828 0.019210488326654923 -0.012514333227424823 -0.0052592577947533714 0.0006034635012268641
leaf_weight=9.0612867176532763 23.116781547665596 9.5523297637701052 19.421537399291996 15.291862785816194 23.04745951294899 8.441314250230791 13.487495198845862 7.9869711399078396 11.796853810548781 10.77000969648361 14.917877107858656 37.186961561441422 8.7573262155055982 8.3624399304389936
leaf_count=30 73 34 57 44 88 26 46 26 40 35 43 147 33 25
internal_value=-3.20591e-05 -0.00482391 0.00447469 0.00824917 -0.00734315 9.60666e-05 -0.00330392 0.00198506 -0.00224768 0.00204839 0.0141179 -0.00979594 0.000711805 0.0073843
internal_weight=221.199 107.389 113.809 60.4013 78.5441 53.408 36.6043 28.8451 19.7838 30.1915 30.2097 60.2344 18.3097 16.8038
internal_count=747 398 349 179 302 170 119 96 66 92 87 235 67 51
is_linear=0
shrinkage=0.02


Tree=93
num_leaves=13
num_cat=0
split_feature=2 12 21 8 14 2 2 21 21 4 6 14
split_gain=15.8052 6.60616 6.9624 4.6765 4.27705 3.36241 3.46619 2.09514 2.9776 1.84522 1.03648 0.558058
threshold=28.061172678801999 1.5721972000000002 0.20452383000000005 0.96681283333333345 0.4972863247863249 176.99255624503135 122.16611706572247 0.63049721000000003 -0.011787100000000003 -0.87387859000000001 -0.44783383333333321 0.63499583749583766
decision_type=2 2 2 2 2 2 2 2 2 2 2 2
left_child=3 2 4 -1 -2 6 -3 8 -5 -4 -9 -7
right_child=1 5 9 7 -6 11 -8 10 -10 -11 -12 -13
leaf_value=0.005998485225673417 0.0062084548296067058 0.0081177897939672238 -0.0018506478769835738 -0.010349376930996679 -0.0031374707589060073 0.016347025783906854 -0.0039103180475330125 -0.0074189017470911245 -0.00059794913303394049 -0.013598167195769744 -0.016177411317629564 0.0084881905834556966
leaf_weight=9.2844544649124128 55.368948251008987 29.246791452169418 9.6127452850341815 25.190118759870529 28.934517860412598 15.989990413188936 13.0490605533123 13.953259438276293 25.141276240348816 13.806568711996077 16.375234693288803 11.809958696365355
leaf_count=25 149 79 27 71 78 46 35 43 72 38 50 34
internal_value=-3.30469e-05 0.00341202 0.000267311 -0.00682851 0.00297814 0.00814493 0.00435609 -0.00838485 -0.0056239 -0.00913141 -0.0125771 0.0134885
internal_weight=267.763 177.819 107.723 89.9443 84.3035 70.0958 42.2959 80.6599 50.3314 23.4193 30.3285 27.7999
internal_count=747 486 292 261 227 194 114 236 143 65 93 80
is_linear=0
shrinkage=0.02


Tree=94
num_leaves=11
num_cat=0
split_feature=14 9 7 7 15 9 8 21 9 22
split_gain=4.62275 3.50357 4.87341 4.41676 4.34236 2.32975 2.89397 2.32854 1.32099 0.30161
threshold=0.58543650793650803 0.43172105672105682 1.3939950000000001 0.90215616666666676 0.90000000000000013 0.61161616161616184 1.0720851666666671 -0.75898209999999999 0.69420856920856922 1.4544930000000003
decision_type=2 2 2 2 2 2 2 2 2 2
left_child=1 2 4 -3 -1 9 8 -5 -7 -2
right_child=5 3 -4 7 -6 6 -8 -9 -10 -11
leaf_value=0.0057589213935056484 -0.014754828153155137 -0.0061890136684101624 -0.012931883453382061 -0.0029640655916503963 -0.0043769091949894673 -0.012470465312894885 0.005457934432428869 0.0072465040976871387 -0.00077286352035309432 -0.0062494393979731621
leaf_weight=32.363285169005394 8.5878870636224729 13.01521937549114 11.62535837292671 9.3772574067115766 33.193517088890076 8.2416144311428088 11.009478151798247 69.521083995699883 7.5422252118587485 6.257292464375495
leaf_count=107 36 48 43 32 120 35 42 229 30 25
internal_value=8.31851e-05 0.00156816 -0.00154505 0.00419241 0.000608121 -0.00579579 -0.00202575 0.00598601 -0.00737907 -0.0119167
internal_weight=210.734 169.096 77.1822 91.9136 65.5568 41.6385 26.7933 78.8983 15.7838 14.8452
internal_count=747 579 270 309 227 168 107 261 65 61
is_linear=0
shrinkage=0.02


Tree=95
num_leaves=10
num_cat=0
split_feature=2 1 7 22 5 18 24 2 19
split_gain=13.1427 5.90425 4.60256 3.07298 2.98761 3.15483 2.05652 1.98457 1.90666
threshold=95.869048364445476 1557.4184575379943 1.75573 0.81353810000000026 -0.22762681762681755 1.5834380000000003 0.35100732600732604 188.60849823064441 0.5188492063492065
decision_type=2 2 2 2 2 2 2 2 2
left_child=1 2 3 -1 -3 -6 -2 8 -8
right_child=6 4 -4 -5 5 -7 7 -9 -10
leaf_value=-0.0084668631133028339 0.0022572173734201305 -0.0012723205326928733 -0.012450651767425139 0.0031781012105852259 0.01413784794738852 0.00055645549188678052 -0.009240850959974926 -0.013417526254926773 -0.00079502707055269782
leaf_weight=9.1415800750255567 7.766876444220542 8.8685755431652051 8.8817903697490674 81.807821899652481 31.270839482545853 9.1836000084876996 23.833994120359421 20.007341623306274 20.114728987216949
leaf_count=31 28 25 30 261 89 27 91 93 72
internal_value=-3.03382e-05 0.0033407 0.000498551 0.00190653 0.00892933 0.0111908 -0.00701776 -0.00819232 -0.00552349
internal_weight=220.877 149.154 99.8312 90.9494 49.323 40.4544 71.7229 63.9561 43.9487
internal_count=747 463 322 292 141 116 284 256 163
is_linear=0
shrinkage=0.02


Tree=96
num_leaves=11
num_cat=0
split_feature=4 0 7 1 7 8 19 22 27 12
split_gain=12.5242 5.54902 5.35088 3.56519 3.30421 3.19614 3.47894 2.92146 2.6368 2.35439
threshold=-0.19168599999999983 1531.2145281907581 1.8030546666666669 1535.5627348346554 0.94052400000000003 1.000960166666667 0.44986772486772492 1.4242551000000001 7.5000000000000009 1.4795267000000003
decision_type=2 2 2 2 2 2 2 2 2 2
left_child=5 2 4 9 -2 -1 8 -8 -7 -3
right_child=1 3 -4 -5 -6 6 7 -9 -10 -11
leaf_value=0.0060306845680803897 0.0096970536815186668 0.0019047998814220994 -0.011490615714291483 -0.0012587331870994045 0 0.0068855418441459018 -0.0022039589043302671 -0.0099810422328978805 -0.0058507205629909796 0.012869170169355865
leaf_weight=9.266416668891905 18.24655145406723 10.721080392599104 11.649795591831205 11.838410496711729 51.509224385023117 13.149964988231661 30.471934676170349 59.537334352731705 10.965645223855971 39.892434298992157
leaf_count=25 49 29 32 32 140 36 85 176 30 113
internal_value=-3.484e-05 0.00395497 0.000467066 0.00839089 0.00262654 -0.00469689 -0.00563011 -0.00742329 0.00101222 0.0106673
internal_weight=267.249 143.857 81.4056 62.4519 69.7558 123.391 114.125 90.0093 24.1156 50.6135
internal_count=747 395 221 174 189 352 327 261 66 142
is_linear=0
shrinkage=0.02


Tree=97
num_leaves=14
num_cat=0
split_feature=0 26 12 7 16 12 5 17 5 14 0 24 7
split_gain=4.55667 5.21007 5.38188 5.57834 3.80117 3.23644 3.1999 5.12866 4.16039 2.32912 1.70825 2.73603 1.19685
threshold=1486.7326887483216 6.5000000000000009 1.1928582000000003 0.91631716666666685 -0.3877886499999999 1.4545519000000002 0.02319930069930071 1.396674666666667 -0.081208513708513744 0.50497835497835508 1550.693926304242 0.47335497835497842 1.5339216666666668
decision_type=2 2 2 2 2 2 2 2 2 2 2 2 2
left_child=5 10 3 -3 -4 6 8 -8 -1 -7 12 -12 -2
right_child=1 2 4 -5 -6 9 7 -9 -10 -11 11 -13 -14
leaf_value=0.0025536373169376316 -0.015792698998709248 -0.0024946722817022664 0.0055455242833623046 0.018798309616856034 -0.0067440523457535711 0.014716174219929856 -0.00017077638218446643 0.019654818730564606 -0.0078417165600517969 0.00078817756756250094 -0.012204558050025006 0.0026827809705971795 -0.0041414744814652947
leaf_weight=44.674428969621658 13.868765428662302 8.2239876389503497 13.37861257791519 10.063252836465834 32.361149787902832 13.071363598108293 12.333706080913545 7.7849178761243811 22.172844588756561 7.9493660181760779 7.5526365041732815 10.65225277841091 6.4975153207778922
leaf_count=146 55 30 49 33 123 42 43 26 77 26 32 40 25
internal_value=8.58194e-05 -0.00290818 0.00057987 0.00948604 -0.00306489 0.00294936 0.00117443 0.00797348 -0.00092972 0.00981486 -0.00861712 -0.00370326 -0.012537
internal_weight=210.585 102.598 64.027 18.2872 45.7398 107.987 86.9659 20.1186 66.8473 21.0207 38.5712 18.2049 20.3663
internal_count=747 387 235 63 172 360 292 69 223 68 152 72 80
is_linear=0
shrinkage=0.02


Tree=98
num_leaves=11
num_cat=0
split_feature=2 1 12 11 5 18 12 2 5 8
split_gain=12.7556 5.6863 6.81017 5.05692 2.92052 3.05027 2.02692 1.49535 1.06828 1.63577
threshold=95.869048364445476 1557.4184575379943 1.5651479000000001 -0.022690869999999894 -0.22762681762681755 1.5834380000000003 1.0475328000000002 58.609591187177337 0.26456001514825056 1.000960166666667
decision_type=2 2 2 2 2 2 2 2 2 2
left_child=1 2 3 -1 -3 -6 -2 -4 9 -8
right_child=6 4 7 -5 5 -7 8 -9 -10 -11
leaf_value=0.00061367419535884784 0 -0.0013188923450206036 -0.01673698059115588 0.013927249285350314 0.013879623152853349 0.00053008111944036012 -0.015483368652720781 -0.0035536644840058257 -0.00016597037872216562 -0.0069221827460860886
leaf_weight=71.596410185098648 13.397755682468413 8.8757916986942273 8.2165892422199232 12.688296288251875 31.377118080854416 9.1864871680736524 13.554887086153029 7.3098317682743064 6.0025755763053885 38.373419985175133
leaf_count=229 48 25 27 40 89 27 57 26 24 155
internal_value=-3.07443e-05 0.00328225 0.000490051 0.00278117 0.00875817 0.0109899 -0.00694015 -0.0112419 -0.00853663 -0.00944502
internal_weight=220.579 149.251 99.8111 84.2847 49.4394 40.5636 71.3286 15.5264 57.9309 51.9283
internal_count=747 463 322 269 141 116 284 53 236 212
is_linear=0
shrinkage=0.02


Tree=99
num_leaves=13
num_cat=0
split_feature=2 12 21 8 17 2 2 21 21 4 2 17
split_gain=14.7591 6.22386 6.70497 4.54526 3.47454 3.18179 3.42629 2.03041 2.97748 1.80768 1.04406 0.570761
threshold=28.061172678801999 1.5721972000000002 0.20452383000000005 0.96681283333333345 1.0953655000000002 176.99255624503135 122.16611706572247 0.63049721000000003 -0.011787100000000003 -0.87387859000000001 -130.39568031610767 1.0953655000000002
decision_type=2 2 2 2 2 2 2 2 2 2 2 2
left_child=3 2 4 -1 -2 6 -3 8 -5 -4 -9 -7
right_child=1 5 9 7 -6 11 -8 10 -10 -11 -12 -13
leaf_value=0.0060119481816632457 -0.0013437810647772316 0.0079655078555339147 -0.0017863357531044811 -0.010187472812251453 0.0066878132908415764 0.0071243707658572323 -0.0039950436724766683 -0.0054097767768899524 -0.00042816471677265276 -0.013424520771299639 -0.014835015314446207 0.015368973835720633
leaf_weight=9.2799986600875837 39.773393839597702 29.217565476894379 9.5904809236526507 25.092003017663956 44.464900255203247 8.830875903367998 13.04015129804611 9.0487926900386828 25.047797292470932 13.761412084102629 20.950705260038376 18.678045570850372
leaf_count=25 107 79 27 71 120 25 35 28 72 38 65 55
internal_value=-3.69624e-05 0.00329264 0.000241156 -0.00662649 0.00290093 0.0079003 0.00422138 -0.0081707 -0.00545494 -0.00899655 -0.0123228 0.0131352
internal_weight=266.776 177.357 107.59 89.4193 84.2383 69.7666 42.2577 80.1393 50.1398 23.3519 29.9995 27.5089
internal_count=747 486 292 261 227 194 114 236 143 65 93 80
is_linear=0
shrinkage=0.02


Tree=100
num_leaves=15
num_cat=0
split_feature=0 26 12 7 16 12 15 12 0 27 0 23 16 7
split_gain=4.40963 5.10829 5.21173 5.3892 3.73009 3.14437 3.90082 4.8128 2.2474 2.49771 1.69966 2.77902 1.46843 1.18717
threshold=1486.7326887483216 6.5000000000000009 1.1928582000000003 0.91631716666666685 -0.3877886499999999 1.0589172300000003 0.55000000000000016 1.1086577 1454.8441960007096 7.5000000000000009 1550.693926304242 1.2122679000000001 0.082369333333333447 1.5339216666666668
decision_type=2 2 2 2 2 2 2 2 2 2 2 2 2 2
left_child=5 10 3 -3 -4 8 -7 -8 9 -1 13 -12 -10 -2
right_child=1 2 4 -5 -6 6 7 -9 12 -11 11 -13 -14 -15
leaf_value=-0.0020018008722754946 -0.015724632754322683 -0.0024704817771832128 0.0055060034296189565 0.01842840748746535 -0.0066710733989873748 0.01755497892015756 0.017221878166603997 0.001045874201162352 -0.01082004175428916 0.010897262966392341 0.0049910264829831005 -0.010008566949291855 0.00026169831294409407 -0.0040993549795078953
leaf_weight=15.779086619615557 13.735264286398889 8.213850289583208 13.392966642975805 10.142268821597098 32.218539744615555 8.5404761433601362 7.7477331459522238 49.525519967079163 10.842297688126566 8.2982409000396711 7.6648971289396313 10.460189640522001 7.3695079088211051 6.4808544963598242
leaf_count=52 55 30 49 33 123 26 25 165 40 27 29 43 25 25
internal_value=9.0634e-05 -0.00286143 0.000588232 0.00932892 -0.00301118 0.00290342 0.0056123 0.00352642 -0.00129841 0.00262137 -0.00853626 -0.00363153 -0.00645144 -0.012461
internal_weight=210.412 102.309 63.9676 18.3561 45.6115 108.103 65.8137 57.2733 42.2891 24.0773 38.3412 18.1251 18.2118 20.2161
internal_count=747 387 235 63 172 360 216 190 144 79 152 72 65 80
is_linear=0
shrinkage=0.02


Tree=101
num_leaves=10
num_cat=0
split_feature=2 1 27 9 20 0 24 2 8
split_gain=12.3525 5.49201 3.19447 2.16286 2.09936 2.0272 2.01231 1.94883 2.01899
threshold=95.869048364445476 1505.5605911026578 9.5000000000000018 0.65039682539682542 0.83333333333333337 1475.5700424255526 0.35100732600732604 188.60849823064441 1.000960166666667
decision_type=2 2 2 2 2 2 2 2 2
left_child=1 2 4 5 -1 -3 -2 8 -8
right_child=6 3 -4 -5 -6 -7 7 -9 -10
leaf_value=0.0021848639256907302 0.0023159511606254805 0.0039595680891200196 0.0080239343811296555 -0.002331278327271159 -0.0063164523026301477 0.010610223155734127 -0.013358212142153587 -0.013273867504929942 -0.0029186251232513672
leaf_weight=16.362227976322174 7.7455339431762686 38.802416056394577 10.74894082546234 9.3751899003982526 33.908914759755135 40.18040657043457 9.0994652360677701 19.565060377120972 34.524110242724419
leaf_count=56 28 112 35 29 116 115 35 93 128
internal_value=-3.28199e-05 0.0032189 -0.00135913 0.00638271 -0.00352179 0.00745827 -0.00685788 -0.00803211 -0.0053916
internal_weight=220.312 149.378 61.0201 88.358 50.2711 78.9828 70.9342 63.1886 43.6236
internal_count=747 463 207 256 172 227 284 256 163
is_linear=0
shrinkage=0.02


Tree=102
num_leaves=12
num_cat=0
split_feature=2 2 8 22 17 19 21 21 17 21 4
split_gain=14.1966 5.96894 4.44554 3.3868 3.99081 3.12142 1.9986 2.92821 1.6487 1.67891 1.05344
threshold=28.061172678801999 188.60849823064441 0.96681283333333345 1.2707303000000001 1.0484178333333334 0.44828042328042333 0.63049721000000003 0.29704860000000005 1.5457121666666669 -0.22843559999999996 -1.2787679899999997
decision_type=2 2 2 2 2 2 2 2 2 2 2
left_child=2 3 -1 4 -2 -5 7 -4 9 -3 -8
right_child=1 8 6 5 -6 -7 10 -9 -10 -11 -12
leaf_value=0.0059772130220392943 0 0.010530094709568154 -0.0080946895000710943 0.004385378482548918 0.0093658169430933646 -0.0046427104664266321 -0.0084152982283572028 0.0027890418668546535 0.016210218921306991 -0.00013304123443511125 -0.017530378805365076
leaf_weight=9.2794138491153699 39.061125248670578 14.800551593303679 37.641421228647232 21.222192823886871 32.813021719455719 47.809123039245605 19.217017859220508 12.396125286817549 12.592503249645231 8.8092896342277545 10.594575643539427
leaf_count=25 105 42 107 57 89 131 60 36 37 25 33
internal_value=-4.18306e-05 0.00322387 -0.00651708 0.00131625 0.00433538 -0.00181567 -0.00804978 -0.00535739 0.0103599 0.00662647 -0.0121834
internal_weight=266.236 177.108 89.1286 140.905 71.8741 69.0313 79.8491 50.0375 36.2023 23.6098 29.8116
internal_count=747 486 261 382 194 188 236 143 104 67 93
is_linear=0
shrinkage=0.02


Tree=103
num_leaves=12
num_cat=0
split_feature=14 9 3 7 7 24 9 16 21 7 22
split_gain=4.30799 3.45403 5.46779 4.76464 4.18986 2.94356 2.30491 3.18488 1.87399 0.441737 0.352697
threshold=0.58543650793650803 0.43172105672105682 -1.4999999999999998 1.3939950000000001 1.0199086666666668 0.50182539682539684 0.61161616161616184 0.11969833333333345 -0.32911552999999999 1.8546211666666668 1.4662446000000002
decision_type=2 2 2 2 2 2 2 2 2 2 2
left_child=1 3 -3 5 -4 -1 10 8 -8 -9 -2
right_child=6 2 4 -5 -6 -7 7 9 -10 -11 -12
leaf_value=-0.0037586411265574699 -0.014646476086029255 -0.010799950445592668 -0.0031421434366329694 -0.012872613437447538 0.0078602531442408738 0.0045886237032392307 -0.0029854922343404734 -0.0033918207156673199 0.011064419906814152 -0.011941481934110305 -0.0058209545539885475
leaf_weight=31.489661380648613 8.6035465598106367 7.9106732010841361 16.468158081173897 11.536820188164709 67.569237574934959 34.092484697699547 6.0760736614465714 6.225932374596594 7.2701631337404269 6.9764090925455093 5.9857210367918006
leaf_count=113 37 30 58 43 221 114 25 25 28 29 24
internal_value=9.78906e-05 0.00152514 0.00412972 -0.00156777 0.00566908 0.000554341 -0.00561732 -0.00186508 0.00476634 -0.00857318 -0.0117595
internal_weight=210.205 169.067 91.9481 77.119 84.0374 65.5821 41.1378 26.5486 13.3462 13.2023 14.5893
internal_count=747 579 309 270 279 227 168 107 53 54 61
is_linear=0
shrinkage=0.02


Tree=104
num_leaves=12
num_cat=0
split_feature=4 19 19 24 12 7 24 4 4 7 7
split_gain=8.03911 5.21275 3.31852 3.17729 2.73828 3.52421 2.7016 3.66058 2.61918 1.46603 0.858968
threshold=-0.53751603000000003 0.50769230769230778 0.59924242424242447 0.58341269841269849 1.5406157000000003 1.3558550000000003 0.52525613275613281 -1.7729942999999997 -0.95506670000000005 1.815354166666667 1.8030546666666669
decision_type=2 2 2 2 2 2 2 2 2 2 2
left_child=1 8 4 -4 5 -2 -3 -8 -1 -6 -5
right_child=2 6 3 10 9 -7 7 -9 -10 -11 -12
leaf_value=-0.010561526217051555 -0.0045186564364526408 0.017173908910024675 0.012933858819583659 -0.0058458752060339047 -0.012205124532861268 0.0056464295354657539 0.013953031914233607 0.0022668132914412339 0.0030347847963960572 -0.0043794582884591534 0.0029902293684578663
leaf_weight=10.121252641081812 52.417876020073891 9.4692763388156873 8.2366326302289981 8.3325314670801145 20.742910355329514 17.252390369772911 14.366861045360563 39.133110582828522 10.530110090970991 22.245502725243568 7.1492248475551596
leaf_count=32 182 28 27 29 81 61 40 116 34 91 26
internal_value=-3.39204e-05 0.00480641 -0.00302974 0.00361175 -0.00446507 -0.0019289 0.00764722 0.00564016 -0.00371644 -0.00839261 -0.0017103
internal_weight=219.998 83.6206 136.377 23.7184 112.659 69.6703 62.9692 53.5 20.6514 42.9884 15.4818
internal_count=747 250 497 82 415 243 184 156 66 172 55
is_linear=0
shrinkage=0.02


Tree=105
num_leaves=13
num_cat=0
split_feature=2 12 24 8 15 2 2 4 0 0 19 17
split_gain=13.7549 5.94627 5.74732 4.35639 4.11306 3.02065 3.3564 2.91745 1.99429 5.55821 1.08374 0.565938
threshold=28.061172678801999 1.5721972000000002 0.51309079809079816 0.96681283333333345 1.4500000000000002 176.99255624503135 122.16611706572247 -0.30710399999999988 1461.5126510282901 1427.8219395283616 0.72559523809523829 1.0953655000000002
decision_type=2 2 2 2 2 2 2 2 2 2 2 2
left_child=3 2 4 -1 -2 6 -3 -4 9 -5 -10 -7
right_child=1 5 7 8 -6 11 -8 -9 10 -11 -12 -13
leaf_value=0.0059371238380222392 0.0056467886751618438 0.0078193020454470994 -0.0018823326354057569 -0.011794495266965726 -0.0051590776575300102 0.0068790484721354319 -0.0040198839354421154 -0.014562211912884607 -0.013365805898529657 0.0021575300142625754 -0.003992893809873479 0.015051568384107298
leaf_weight=9.2783592045307142 59.276597112417221 29.187749028205872 19.394846260547641 21.717689961194992 17.348503470420837 8.7794056832790393 13.03524875640869 11.413601309061049 27.747968375682831 22.049187451601028 8.0796263515949232 18.447145402431488
leaf_count=25 160 79 54 64 47 25 35 31 83 64 25 55
internal_value=-4.32067e-05 0.00317151 0.000189503 -0.0064278 0.00313955 0.00768791 0.00410955 -0.00695285 -0.00794978 -0.00482978 -0.0114722 0.0128242
internal_weight=265.756 176.883 107.434 88.8728 76.6251 69.4495 42.223 30.8084 79.5945 43.7669 35.8276 27.2266
internal_count=747 486 292 261 207 194 114 85 236 128 108 80
is_linear=0
shrinkage=0.02


Tree=106
num_leaves=13
num_cat=0
split_feature=14 9 3 5 15 13 12 9 16 8 17 22
split_gain=4.19013 3.36605 5.33898 5.1058 4.10746 3.79251 3.69157 2.26948 3.12709 1.99822 0.867162 0.35435
threshold=0.58543650793650803 0.43172105672105682 -1.4999999999999998 -0.17188672438672431 0.90000000000000013 1.0221819000000003 0.83762910000000013 0.61161616161616184 0.11969833333333345 0.96003116666666666 1.8415020000000004 1.4662446000000002
decision_type=2 2 2 2 2 2 2 2 2 2 2 2
left_child=1 3 -3 6 -5 -4 -1 11 9 -9 -10 -2
right_child=7 2 5 4 -6 -7 -8 8 10 -11 -12 -13
leaf_value=-0.0059397782120020259 -0.014578586298862693 -0.01072579357949314 0.015807702741577473 0.00097174407569230916 -0.010716807334908653 0.0037312685171362724 0.0090343943865218521 -0.0031272989137941477 -0.013761613992529063 0.011351015425859043 -0.002858662717720512 -0.005744888609238467
leaf_weight=8.3091099858284014 8.5115474164485914 7.8627087175846091 11.608319267630575 20.626264631748199 26.424497917294502 72.602061972022057 21.68633708357811 6.221254229545595 5.8760576248168928 7.1418955773115158 7.2563143223524094 5.9542791694402686
leaf_count=27 37 30 38 71 102 241 70 26 26 27 28 24
internal_value=9.78065e-05 0.00150279 0.00407076 -0.00155324 -0.00563754 0.00558544 0.00476403 -0.00555293 -0.00183273 0.0047229 -0.00850725 -0.0116784
internal_weight=210.081 169.119 92.0731 77.0462 47.0508 84.2104 29.9954 40.9613 26.4955 13.3631 13.1324 14.4658
internal_count=747 579 309 270 173 279 97 168 107 53 54 61
is_linear=0
shrinkage=0.02


Tree=107
num_leaves=10
num_cat=0
split_feature=2 1 7 22 5 18 24 2 19
split_gain=11.754 5.23022 4.37291 2.98162 2.8758 2.91729 1.99356 1.89541 1.822
threshold=95.869048364445476 1557.4184575379943 1.75573 0.81353810000000026 -0.22762681762681755 1.5834380000000003 0.35100732600732604 188.60849823064441 0.5188492063492065
decision_type=2 2 2 2 2 2 2 2 2
left_child=1 2 3 -1 -3 -6 -2 8 -8
right_child=6 4 -4 -5 5 -7 7 -9 -10
leaf_value=-0.008422883735005807 0.002406330788637355 -0.0015943033744278271 -0.012260226740893535 0.0030607491242187197 0.013386932174036839 0.00036767662477141662 -0.0089866109786999292 -0.013142316660991735 -0.00069006757489923471
leaf_weight=9.1134437918663007 7.7151660025119773 8.9116201102733594 8.7639549523591977 81.899442970752716 31.5611292719841 9.2082155644893628 23.401741713285446 19.163241386413574 20.007859274744987
leaf_count=31 28 25 30 261 89 27 91 93 72
internal_value=-3.22515e-05 0.00312836 0.000444961 0.00181007 0.008363 0.0105735 -0.00673053 -0.00790868 -0.00530934
internal_weight=219.746 149.458 99.7768 91.0129 49.681 40.7693 70.288 62.5728 43.4096
internal_count=747 463 322 292 141 116 284 256 163
is_linear=0
shrinkage=0.02


Tree=108
num_leaves=13
num_cat=0
split_feature=2 4 2 17 17 0 1 19 13 17 21 19
split_gain=13.3068 4.67253 4.5511 3.45337 4.34508 3.20222 2.90315 2.47098 1.82417 1.62012 1.65104 1.53457
threshold=59.465245423254608 -0.6525148999999999 188.60849823064441 1.497217666666667 1.0484178333333334 1427.8219395283616 1510.4294169107827 0.50515873015873025 1.5609578000000002 1.5457121666666669 -0.22843559999999996 0.52182539682539697
decision_type=2 2 2 2 2 2 2 2 2 2 2 2
left_child=1 7 3 4 -2 -3 -7 -1 -9 10 -4 -5
right_child=2 5 9 11 -6 6 -8 8 -10 -11 -12 -13
leaf_value=-0.00058992184951860225 -0.00076507387691487287 -0.01034142190312253 0.010271904208999623 0.0020158098360491239 0.0085789126012166157 0.0067924278373626967 -0.0027461868411337597 -0.0056835567487994532 -0.014576078616427207 0.015904374122010331 -0.00031458850364839613 -0.0066992409384644134
leaf_weight=11.478325217962263 36.82493194937706 11.319243192672728 14.700815767049788 11.878031849861143 41.057032883167267 19.946629554033279 31.455977588891983 18.224860042333603 26.626029551029205 12.432735949754713 8.7680838406085986 20.522642761468887
leaf_count=33 99 32 42 32 111 54 89 55 82 37 25 56
internal_value=-4.53492e-05 -0.00499418 0.00397789 0.00190182 0.00418175 -0.00116522 0.000976064 -0.00912809 -0.011209 0.0100766 0.00638379 -0.00347974
internal_weight=265.235 119.051 146.184 110.283 77.882 62.7219 51.4026 56.3292 44.8509 35.9016 23.4689 32.4007
internal_count=747 345 402 298 210 175 143 170 137 104 67 88
is_linear=0
shrinkage=0.02


Tree=109
num_leaves=11
num_cat=0
split_feature=14 3 15 9 2 5 13 13 2 23
split_gain=4.05864 3.32098 5.08818 3.96364 5.76008 5.39506 2.26878 2.15502 2.1068 2.7627
threshold=0.58543650793650803 -1.0000000180025095e-35 0.67500000000000016 0.43316498316498325 -39.868685830485212 -0.21421883671883668 1.3838033000000001 1.3770536000000002 125.82242647028762 1.1920441000000002
decision_type=2 2 2 2 2 2 2 2 2 2
left_child=1 2 -1 5 -5 -3 8 -4 -2 -10
right_child=6 3 7 4 -6 -7 -8 -9 9 -11
leaf_value=0.0075570837459622564 -0.013010953730816312 0.0085377536197523401 -0.00078960457754530689 -0.006740328321551331 0.0096496162410068514 -0.0051691343331130369 0.0043218534693715005 -0.0096374211154853437 0.0073143492409125767 -0.0079831360243188022
leaf_weight=14.678948163986204 14.961961373686789 16.172678202390671 21.121439144015312 9.4035075157880765 50.411459118127823 33.587984457612038 6.9019397199153891 23.778792068362236 6.1658851802349117 12.722900643944739
leaf_count=48 63 51 76 32 163 121 25 88 25 55
internal_value=0.000101243 0.00148112 -0.00227444 0.00354331 0.0069716 -0.000594434 -0.00547671 -0.00562679 -0.00759864 -0.00277232
internal_weight=209.907 169.155 59.5792 109.576 59.815 49.7607 40.7527 44.9002 33.8507 18.8888
internal_count=747 579 212 367 195 172 168 164 143 80
is_linear=0
shrinkage=0.02


Tree=110
num_leaves=11
num_cat=0
split_feature=1 6 4 16 16 0 8 11 6 6
split_gain=10.2153 5.06617 4.26122 3.88368 3.27739 3.69427 2.71784 3.45144 1.77008 1.24628
threshold=1493.166798955154 0.87312050000000008 -0.42527183999999996 -0.93350166666666656 -0.30772649999999974 1578.4620458576564 1.6081300000000003 -1.1050523999999997 -0.15568299999999999 -0.019157683333333151
decision_type=2 2 2 2 2 2 2 2 2 2
left_child=2 4 6 8 -2 -6 -1 -8 -4 -5
right_child=1 -3 3 9 5 -7 7 -9 -10 -11
leaf_value=0.010418263286903581 -0.0029931510137857428 -0.0069723542827613881 0.0074590126609467792 -0.012591650050378673 0.008423233313981638 -0.0053108858653434345 0.0072519904491877866 -0.0089064602390722669 -0.0044326393150207321 -0.0061638192632276203
leaf_weight=9.122805595397951 14.183985292911528 13.544946581125258 8.2599907517433184 27.977694571018219 78.562609553337097 7.832146853208541 8.0194191336631793 11.691516622900961 9.7989551573991758 30.449107632040977
leaf_count=30 47 49 29 107 226 27 26 40 38 128
internal_value=-3.30215e-05 0.0040861 -0.00451175 -0.00696284 0.00564902 0.00710875 0.00193855 -0.00220308 0.00100753 -0.00943553
internal_weight=219.443 114.124 105.319 76.4857 100.579 86.3948 28.8337 19.7109 18.0589 58.4268
internal_count=747 349 398 302 300 253 96 66 67 235
is_linear=0
shrinkage=0.02


Tree=111
num_leaves=12
num_cat=0
split_feature=22 15 19 12 1 25 18 7 1 24 8
split_gain=8.11207 6.1883 6.68168 5.19126 3.56455 3.30415 4.91946 3.12508 2.84599 2.49627 1.76053
threshold=1.5677158000000002 1.9000000000000001 0.45370879120879126 1.6410114000000002 1413.697239930287 1.2250000000000003 1.3941073333333336 0.99061883333333345 1609.2520778539763 0.61569264069264074 1.1180843333333337
decision_type=2 2 2 2 2 2 2 2 2 2 2
left_child=3 2 -2 4 -1 6 -5 -6 -4 -3 -7
right_child=1 9 8 5 7 10 -8 -9 -10 -11 -12
leaf_value=0.010836128497295325 0.0071475602639457956 0.0092908995042216523 -0.014346188479143379 -0.0066214710917915634 0.0030781302338478917 0.019926994324582177 0.010053108715300541 -0.0034529612048173164 -0.0046874410437127475 -0.0032924951857048017 0.0069582280057171528
leaf_weight=10.720343708992003 8.9719763696193677 12.920732975006105 33.740713715553284 11.144042313098909 49.182645410299301 9.8084146678447741 15.905478060245512 69.122063845396042 22.065238982439041 10.500010401010512 10.629737913608549
leaf_count=29 25 36 100 31 135 28 45 191 67 30 30
internal_value=-4.73453e-05 -0.00497503 -0.00813705 0.00241778 0.000302581 0.00799879 0.00312095 -0.000717994 -0.0107121 0.00366379 0.0139145
internal_weight=264.711 88.1987 64.7779 176.513 129.025 47.4877 27.0495 118.305 55.806 23.4207 20.4382
internal_count=747 258 192 489 355 134 76 326 167 66 58
is_linear=0
shrinkage=0.02


Tree=112
num_leaves=14
num_cat=0
split_feature=0 26 12 7 16 12 5 24 5 5 0 21 7
split_gain=4.06276 4.92496 4.99991 5.0754 3.64301 3.05533 3.84945 5.02645 3.5963 1.87153 1.73418 2.71768 1.18045
threshold=1486.7326887483216 6.5000000000000009 1.1928582000000003 0.91631716666666685 -0.3877886499999999 1.5022591999999999 0.038015873015872927 0.39229020979020984 -0.21421883671883668 0.012876984126984127 1550.693926304242 -0.079376999999999989 1.5339216666666668
decision_type=2 2 2 2 2 2 2 2 2 2 2 2 2
left_child=5 10 3 -3 -4 6 8 -8 -1 -7 12 -12 -2
right_child=1 2 4 -5 -6 9 7 -9 -10 -11 11 -13 -14
leaf_value=0.0067396480331355915 -0.015631088586494833 -0.0023467958133333161 0.00550120231672488 0.017932453366087921 -0.0065570667222986847 0.014849216267949158 -0.0017240311712709447 0.018343537791347248 -0.0034989045653539648 0.0016131108698252614 -0.012052014722465448 0.0029370028670432334 -0.0039997052686224855
leaf_weight=17.251910239458084 13.507219418883325 8.1577619910240191 13.367014423012732 10.238714918494223 31.898899361491203 11.136747568845751 8.7819204181432742 9.6614531874656659 53.858412057161331 7.5765648037195197 7.2955933213233974 10.555658057332037 6.4278450310230246
leaf_count=54 55 30 49 33 123 35 31 32 183 25 31 41 25
internal_value=0.00010762 -0.00274431 0.000639659 0.00917931 -0.00291109 0.0027989 0.00119014 0.00908816 -0.000928201 0.00994537 -0.00836667 -0.0033971 -0.0123464
internal_weight=209.716 101.449 63.6624 18.3965 45.2659 108.267 89.5537 18.4434 71.1103 18.7133 37.7863 17.8513 19.9351
internal_count=747 387 235 63 172 360 300 63 237 60 152 72 80
is_linear=0
shrinkage=0.02


Tree=113
num_leaves=13
num_cat=0
split_feature=2 16 13 0 2 24 9 4 26 2 7 0
split_gain=11.0639 5.71525 4.20153 4.08728 4.05321 2.94733 2.65472 2.62683 1.54493 2.06223 1.53443 1.49053
threshold=100.88496331995215 -0.30772649999999974 1.3557714000000003 1476.6938394067474 -6.821057775256576 0.35100732600732604 0.44484126984126993 0.69469480000000006 6.5000000000000009 176.99255624503135 1.0515818333333335 1453.3264298803595
decision_type=2 2 2 2 2 2 2 2 2 2 2 2
left_child=1 2 7 4 -3 -2 -5 -1 9 -7 -10 -4
right_child=5 3 11 6 -6 8 -8 -9 10 -11 -12 -13
leaf_value=-0.004265315673478421 0.0047673773497645148 0.0060991077073676396 -0.0019078781840836912 0.014167676379035772 -0.0037030033019254511 0.00074898217928467741 0.004848474432444138 0.01149521584205437 -0.001830684077008613 -0.010756243703283225 -0.013200895363572393 -0.013616436857392873
leaf_weight=7.3867349326610547 6.8197787553071967 35.214776605367661 7.4338741600513485 22.631197929382324 30.458144575357437 14.039724454283716 30.786314502358437 7.5183737277984619 6.6371233463287345 9.6459972411394101 27.389880731701851 13.15476782619953
leaf_count=25 25 101 25 65 100 52 93 25 25 46 118 47
internal_value=-3.67848e-05 0.00285776 -0.00407412 0.00495712 0.00153568 -0.00693884 0.00902126 0.00378171 -0.00841384 -0.00410142 -0.0111558 -0.0097657
internal_weight=219.117 154.584 35.4938 119.09 65.6729 64.5325 53.4175 14.9051 57.7127 23.6857 34.027 20.5886
internal_count=747 481 122 359 201 266 158 50 241 98 143 72
is_linear=0
shrinkage=0.02


Tree=114
num_leaves=11
num_cat=0
split_feature=2 8 2 16 17 17 23 25 17 21
split_gain=12.465 6.31887 4.3459 4.18416 3.31761 4.19506 3.38125 2.48328 1.60331 1.60414
threshold=59.465245423254608 0.94416433333333349 188.60849823064441 -0.44586466666666652 1.497217666666667 1.0484178333333334 1.2581250000000004 1.9000000000000001 1.5457121666666669 -0.22843559999999996
decision_type=2 2 2 2 2 2 2 2 2 2
left_child=1 -1 4 -3 5 -2 -6 -5 9 -4
right_child=2 3 8 7 6 -7 -8 -9 -10 -11
leaf_value=0.0080090344049092363 -0.00080047386012102302 0.0023594864826212568 0.010018724642169238 -0.0050027074212253674 0.0045392663802417679 0.0083848464592036088 -0.0083576981283087579 -0.011991844906389923 0.015652722256582756 -0.00042703870145326388
leaf_weight=12.624018847942351 36.800600469112396 17.201874077320099 14.601509124040602 49.545449882745743 12.167659312486647 40.982729554176331 20.180034965276718 39.105973869562149 12.297601521015165 8.7412140369415301
leaf_count=34 99 47 42 142 33 111 55 122 37 25
internal_value=-4.87839e-05 -0.00485236 0.00384821 -0.00646552 0.00182231 0.00405873 -0.00345586 -0.00820744 0.00983318 0.00616806
internal_weight=264.249 118.477 145.771 105.853 110.131 77.7833 32.3477 88.6514 35.6403 23.3427
internal_count=747 345 402 311 298 210 88 264 104 67
is_linear=0
shrinkage=0.02


Tree=115
num_leaves=14
num_cat=0
split_feature=0 26 12 7 6 12 5 24 13 12 0 21 7
split_gain=3.93799 4.82497 4.84518 4.8964 3.2628 2.97713 3.73565 4.84758 3.50974 1.85477 1.71602 2.67091 1.17666
threshold=1486.7326887483216 6.5000000000000009 1.1928582000000003 0.91631716666666685 0.24152650000000006 1.5022591999999999 0.038015873015872927 0.39229020979020984 1.7192446000000003 1.6594282 1550.693926304242 -0.079376999999999989 1.5339216666666668
decision_type=2 2 2 2 2 2 2 2 2 2 2 2 2
left_child=5 10 3 -3 -4 6 8 -8 -1 -7 12 -12 -2
right_child=1 2 4 -5 -6 9 7 -9 -10 -11 11 -13 -14
leaf_value=-0.0050336544266431126 -0.015564220651018972 -0.0023153213815848969 -0.010692693859513944 0.017578786549701075 0.0006731759423598974 0.015060776118469572 -0.0017072105635411708 0.017966730789069546 0.0037430086350497354 0.0020427775841078645 -0.011974187000943982 0.0029164394058023169 -0.0039350539264808009
leaf_weight=37.966200605034828 13.373061686754228 8.1456496864557284 13.595476284623144 10.313196286559103 31.556253388524055 10.471362814307215 8.7741892486810702 9.7406265437602979 33.109778106212616 8.3008018136024457 7.2302095592021969 10.562797471880911 6.4033719748258582
leaf_count=130 55 30 52 33 120 33 31 32 107 27 31 41 25
internal_value=0.000111462 -0.00270227 0.000643057 0.00902917 -0.00286336 0.00275765 0.00116809 0.00893103 -0.00092221 0.00979999 -0.00828807 -0.00334315 -0.0122657
internal_weight=209.543 101.18 63.6106 18.4588 45.1517 108.363 89.5908 18.5148 71.076 18.7722 37.5694 17.793 19.7764
internal_count=747 387 235 63 172 360 300 63 237 60 152 72 80
is_linear=0
shrinkage=0.02


Tree=116
num_leaves=11
num_cat=0
split_feature=2 18 17 13 18 18 8 5 12 7
split_gain=10.7344 5.47698 5.29885 3.80515 3.46447 8.85726 4.86552 2.49008 1.52664 2.01714
threshold=100.88496331995215 1.3893891666666671 2.0413155000000001 1.3448539000000002 1.1466273333333337 1.0015781666666672 1.8646983333333338 0.26821428571428568 1.0549711000000002 1.7714235000000007
decision_type=2 2 2 2 2 2 2 2 2 2
left_child=1 4 3 -3 5 -1 -6 8 -2 -10
right_child=7 2 -4 -5 6 -7 -8 -9 9 -11
leaf_value=0.0073246686974215557 -0.0011453562376325746 0.0022341577081800936 0.011131693570742405 -0.0095098254192349033 0.0053856753186853779 -0.0083211827778121392 0.022693667030988459 0.0045172550866056987 -0.013302665107144023 -0.0044805221751807057
leaf_weight=50.333610534667969 11.11200314760208 16.847728937864304 8.6971629261970502 28.190921649336815 22.37936040759087 19.130936309695244 9.0502722859382612 6.0924464762210837 26.653682082891464 20.320140585303307
leaf_count=148 41 56 25 97 69 59 27 24 111 90
internal_value=-3.87957e-05 0.00280601 -0.00229795 -0.00512017 0.00553986 0.00293039 0.0109773 -0.0068616 -0.0081452 -0.00970098
internal_weight=218.808 154.63 53.7358 45.0387 100.894 69.4645 31.4296 64.1783 58.0858 46.9738
internal_count=747 481 178 153 303 207 96 266 242 201
is_linear=0
shrinkage=0.02


Tree=117
num_leaves=14
num_cat=0
split_feature=2 2 24 6 13 25 9 19 1 17 21 27 1
split_gain=12.0236 5.19211 3.13272 3.16856 2.26022 3.75406 3.72348 2.29692 2.23712 1.58954 1.5629 1.28329 0.288452
threshold=28.061172678801999 188.60849823064441 0.39641025641025646 0.87312050000000008 1.7040864000000002 1.9000000000000001 0.48644179894179901 0.70985449735449746 1469.3683075021443 1.5457121666666669 -0.22843559999999996 6.5000000000000009 1555.1928138917863
decision_type=2 2 2 2 2 2 2 2 2 2 2 2 2
left_child=4 2 8 -4 5 6 -1 -7 -2 10 -3 -6 -13
right_child=1 9 3 -5 11 7 -8 -9 -10 -11 -12 12 -14
leaf_value=0.0073838223553809017 0.0019198719163105312 0.0098554478897653706 -0.0019078944193522387 0.0072451813698948819 -0.0046974770038090714 -0.012554020708329379 -0.0070888763084080353 6.7260810623954509e-06 0.012882890136147176 0.015495659824215254 -0.00045972482073345543 -0.015753042268582918 -0.0078435326308263272
leaf_weight=17.096468627452854 18.563609361648563 14.541108816862105 92.218908846378326 17.033556431531906 14.139991253614424 17.658181995153431 10.662470132112501 8.0034008324146253 12.590405911207197 12.218734472990034 8.7342649996280688 12.343426495790483 7.9071529209613791
leaf_count=48 50 42 252 46 42 54 30 25 34 37 25 37 25
internal_value=-5.07715e-05 0.0029563 0.00118416 -0.000409927 -0.00606242 -0.00333013 0.00170199 -0.00870821 0.00667548 0.00968711 0.00604273 -0.0100361 -0.0132732
internal_weight=263.712 175.901 140.406 109.252 87.8111 53.4205 27.7589 25.6616 31.154 35.4941 23.2754 34.3906 20.2506
internal_count=747 486 382 298 261 157 78 79 84 104 67 104 62
is_linear=0
shrinkage=0.02


Tree=118
num_leaves=12
num_cat=0
split_feature=14 9 3 7 15 7 9 16 8 17 17
split_gain=3.83426 3.18103 5.06062 4.61816 3.94017 3.90282 2.24756 3.0688 1.925 0.854305 0.305346
threshold=0.58543650793650803 0.43172105672105682 -1.4999999999999998 1.3939950000000001 0.90000000000000013 1.0199086666666668 0.61161616161616184 0.11969833333333345 0.96003116666666666 1.8415020000000004 1.472712666666667
decision_type=2 2 2 2 2 2 2 2 2 2 2
left_child=1 3 -3 4 -1 -4 10 8 -8 -9 -2
right_child=6 2 5 -5 -6 -7 7 9 -10 -11 -12
leaf_value=0.0054245436198926012 -0.014439611033955304 -0.010569441524320848 -0.0031122918973017816 -0.01274521050121683 -0.0042387536837621247 0.0075051749352789089 -0.0029229321948163441 -0.013599017384759316 0.01134534652013394 -0.0027205904905618205 -0.0059298503457495553
leaf_weight=32.595640018582344 7.9900017678737623 7.7425800859928122 16.425773575901985 11.361820727586744 32.834514796733856 68.054448455572128 6.1349089443683642 5.7230521589517576 7.1310170143842697 7.1926253437995911 6.1778263747692108
leaf_count=107 35 30 58 43 120 221 26 26 27 28 26
internal_value=0.000115045 0.00145222 0.00394354 -0.00152624 0.000554339 0.00540513 -0.00533736 -0.00163056 0.00486434 -0.00831549 -0.0114964
internal_weight=209.364 169.015 92.2228 76.792 65.4302 84.4802 40.3494 26.1816 13.2659 12.9157 14.1678
internal_count=747 579 309 270 227 279 168 107 53 54 61
is_linear=0
shrinkage=0.02


Tree=119
num_leaves=13
num_cat=0
split_feature=2 1 12 11 19 18 26 2 12 2 7 2
split_gain=10.3832 4.61027 6.31784 4.83868 2.51507 4.37698 1.95668 2.51673 2.13971 2.67643 2.44311 1.56425
threshold=95.869048364445476 1557.4184575379943 1.5651479000000001 -0.022690869999999894 0.69820919820919813 1.3783435000000004 7.5000000000000009 117.55842555020992 1.1735620000000002 128.32023043875134 1.8453316666666668 58.609591187177337
decision_type=2 2 2 2 2 2 2 2 2 2 2 2
left_child=1 2 3 -1 5 -3 8 -8 9 -2 -10 -4
right_child=6 4 11 -5 -6 -7 7 -9 10 -11 -12 -13
leaf_value=0.00044339296660983934 -0.0057557468023766512 0.016200433605829252 -0.016641938871240391 0.013416769486369053 0.00053308432165704309 0.001751237278838576 -0.0011746745438317408 -0.015467024441434215 -0.01211612539389942 0.01019539811406584 -0.00079178955826093812 -0.0031642212515614223
leaf_weight=71.605152502655983 7.3618490844964963 21.124270379543304 8.1061471402645093 12.803396284580229 14.404628694057463 14.474090248346327 7.6924330145120647 15.674539670348166 15.435505568981172 7.4066689908504486 15.240522131323813 7.1572649329900733
leaf_count=229 27 59 27 40 40 42 30 69 64 27 67 26
internal_value=-3.99184e-05 0.00290538 0.000377804 0.00256871 0.00779824 0.0105885 -0.00642486 -0.0110853 -0.00379836 0.00225644 -0.0067557 -0.0110281
internal_weight=218.486 149.675 99.672 84.4085 50.003 35.5984 68.8115 23.367 45.4445 14.7685 30.676 15.2634
internal_count=747 463 322 269 141 101 284 99 185 54 131 53
is_linear=0
shrinkage=0.02


Tree=120
num_leaves=12
num_cat=0
split_feature=2 2 17 1 8 13 0 1 17 23 19
split_gain=11.6547 5.55399 4.54517 6.1087 3.31434 2.9682 1.64742 2.66817 1.56901 1.30521 1.07077
threshold=16.84917927757181 188.60849823064441 1.6814383333333336 1468.8328409639039 1.0291335000000004 1.5373197000000003 1464.4300547667096 1555.1928138917863 1.5457121666666669 1.3779222000000002 0.66485366485366493
decision_type=2 2 2 2 2 2 2 2 2 2 2
left_child=4 2 3 -2 -1 -4 7 -6 9 -3 -8
right_child=1 8 5 -5 6 -7 10 -9 -10 -11 -12
leaf_value=0.0038879434421302951 -0.0023863564957234194 0.0002432111100462737 -0.0010372713246334742 0.0067155926107821361 -0.01014024117560036 -0.012785508010603906 -0.016001623103868459 0.00023206842241601665 0.015339749990988262 0.0098873566703602672 -0.0054606753890620785
leaf_weight=9.0303219854831678 50.663351058959961 10.160552531480791 26.743666291236877 67.515870422124863 22.032610833644867 12.142560690641401 15.211352437734606 16.700665146112442 12.132318139076231 13.050700753927229 7.8607834279537192
leaf_count=25 137 29 74 184 65 35 47 51 37 38 25
internal_value=-4.97052e-05 0.00249787 0.000847911 0.00280953 -0.00693589 -0.00498448 -0.00858592 -0.00572438 0.00955011 0.00593272 -0.0128694
internal_weight=263.245 192.409 157.065 118.179 70.8357 38.8862 61.8054 38.7333 35.3436 23.2113 23.0721
internal_count=747 534 430 321 213 109 188 116 104 67 72
is_linear=0
shrinkage=0.02


Tree=121
num_leaves=12
num_cat=0
split_feature=0 12 15 12 2 2 23 5 12 4 14
split_gain=3.70973 2.89385 3.63618 4.63078 2.2371 7.1419 2.99009 2.82934 2.23988 2.17255 2.43115
threshold=1486.7326887483216 1.0589172300000003 0.55000000000000016 1.1086577 125.82242647028762 138.76867958387859 1.2122679000000001 -0.18741425241425247 1.6244482000000005 -0.23807089999999992 0.36465229215229222
decision_type=2 2 2 2 2 2 2 2 2 2 2
left_child=1 9 -3 -4 7 -6 -7 -2 -9 10 -1
right_child=4 2 3 -5 5 6 -8 8 -10 -11 -12
leaf_value=0.0077554105838746812 0.0042734948071813904 0.016707777741571506 0.016602273107357172 0.00082027957816184645 0.017725498387642483 0.005391424816515499 -0.0066092923996225504 -0.0036061830793111828 -0.012809157719275502 -0.0083223317605946017 -0.0032712574331894735
leaf_weight=12.948836356401445 9.4965244978666288 8.6644130647182447 7.841589242219924 49.74393504858017 7.1459393799304953 11.000222310423849 25.736798748373985 29.971136301755905 17.326266884803772 11.754967421293257 17.581360056996346
leaf_count=41 33 26 25 165 24 43 106 112 69 43 60
internal_value=0.000113847 0.00267612 0.00526224 0.0032502 -0.0026279 0.000721383 -0.00291525 -0.00521811 -0.00721429 -0.00135743 0.00143972
internal_weight=209.212 108.535 66.2499 57.5855 100.677 43.883 36.737 56.7939 47.2974 42.2852 30.5302
internal_count=747 360 216 190 387 173 149 214 181 144 101
is_linear=0
shrinkage=0.02


Tree=122
num_leaves=12
num_cat=0
split_feature=2 18 17 13 18 18 6 24 26 2 12
split_gain=10.0573 5.22124 5.10571 3.70192 3.37865 8.58085 3.87566 2.91087 1.51487 2.0042 0.715037
threshold=100.88496331995215 1.3893891666666671 2.0413155000000001 1.3448539000000002 1.1466273333333337 1.0015781666666672 -0.25383833333333322 0.35100732600732604 6.5000000000000009 176.99255624503135 1.0589172300000003
decision_type=2 2 2 2 2 2 2 2 2 2 2
left_child=1 4 3 -3 5 -1 -6 -2 9 -9 -10
right_child=7 2 -4 -5 6 -7 -8 8 10 -11 -12
leaf_value=0.0071018291453095496 0.0049583765677822054 0.0021681501957713308 0.010862029905281163 -0.0094212340191031658 0.016022238226738882 -0.0083024371685967539 0.0014059151490656574 0.00085942291849525445 -0.0035021145752820184 -0.010561105172271877 -0.012347104138828819
leaf_weight=50.47471821308136 6.7675037682056418 16.873336896300316 8.731093764305113 28.038487330079079 19.508763343095783 19.090291500091553 12.04272949695587 13.969303727149965 6.1162825971841803 9.4169884622096998 27.169568791985512
leaf_count=148 25 56 25 97 58 59 38 52 23 46 120
internal_value=-4.01357e-05 0.00270014 -0.0022899 -0.00507116 0.00536348 0.00278844 0.0107194 -0.00669418 -0.00818219 -0.00390178 -0.0109297
internal_weight=218.199 154.759 53.6429 44.9118 101.117 69.565 31.5515 63.4396 56.6721 23.3863 33.2859
internal_count=747 481 178 153 303 207 96 266 241 98 143
is_linear=0
shrinkage=0.02


Tree=123
num_leaves=12
num_cat=0
split_feature=2 2 17 1 11 8 0 0 17 21 19
split_gain=11.2323 5.3718 4.40931 5.9265 3.663 3.24639 1.63049 2.62473 1.55219 1.50174 1.06315
threshold=16.84917927757181 188.60849823064441 1.6814383333333336 1468.8328409639039 0.18420200000000006 1.0291335000000004 1464.4300547667096 1427.8219395283616 1.5457121666666669 -0.22843559999999996 0.66485366485366493
decision_type=2 2 2 2 2 2 2 2 2 2 2
left_child=5 2 3 -2 -4 -1 7 -7 9 -3 -8
right_child=1 8 4 -5 -6 6 10 -9 -10 -11 -12
leaf_value=0.0038786095724268306 -0.0023612894005728313 0.0095648129384879998 -0.0098648619529895752 0.0066049359232736764 0.0023273182754772704 -0.010851124927774871 -0.015870450176683835 -0.00042322525228010512 0.015175765663333318 -0.00055671174057918705 -0.0053617984129982234
leaf_weight=9.0277167558670026 50.65010878443718 14.428892552852629 23.046965509653091 67.489703208208084 15.787509024143217 18.522497713565826 15.10913121700287 20.096026062965393 12.040886163711546 8.7122695744037646 7.8295900821685782
leaf_count=25 137 42 66 184 43 56 47 60 37 25 25
internal_value=-5.51502e-05 0.00244534 0.000824559 0.0027565 -0.00492413 -0.00682933 -0.00846858 -0.00562286 0.00939894 0.00580616 -0.0127409
internal_weight=262.741 192.156 156.974 118.14 38.8345 70.585 61.5572 38.6185 35.182 23.1412 22.9387
internal_count=747 534 430 321 109 213 188 116 104 67 72
is_linear=0
shrinkage=0.02


Tree=124
num_leaves=12
num_cat=0
split_feature=14 9 3 5 15 13 12 9 8 9 22
split_gain=3.61113 3.12983 4.8975 4.67886 3.88819 3.62408 3.60816 2.2272 2.72496 1.31836 0.37535
threshold=0.58543650793650803 0.43172105672105682 -1.4999999999999998 -0.17188672438672431 0.90000000000000013 1.0221819000000003 0.83762910000000013 0.61161616161616184 1.0720851666666671 0.69420856920856922 1.4662446000000002
decision_type=2 2 2 2 2 2 2 2 2 2 2
left_child=1 3 -3 6 -5 -4 -1 10 9 -9 -2
right_child=7 2 5 4 -6 -7 -8 8 -10 -11 -12
leaf_value=-0.0060875859169083318 -0.014348276967736171 -0.010462143116538043 0.015242640824880785 0.00091154982020704301 -0.010503744334748757 0.0035013009301574391 0.0086751006702183685 -0.012075522299656933 0.0057487021085800959 -0.00027074514329847321 -0.0053830400709025629
leaf_weight=8.3432836234569567 8.1828614920377714 7.6663949340581885 11.744941949844359 20.62983301281929 25.934449553489685 72.879324689507484 21.843380972743034 7.8243875801563281 10.843536481261252 7.3330016583204269 5.7918256670236579
leaf_count=27 37 30 38 71 102 241 70 35 42 30 24
internal_value=0.000120546 0.00141357 0.00388325 -0.00154217 -0.00549143 0.00531322 0.00446635 -0.00519941 -0.00150848 -0.00685848 -0.0113738
internal_weight=209.017 169.042 92.2907 76.7509 46.5643 84.6243 30.1867 39.9756 26.0009 15.1574 13.9747
internal_count=747 579 309 270 173 279 97 168 107 65 61
is_linear=0
shrinkage=0.02


Tree=125
num_leaves=13
num_cat=0
split_feature=2 1 12 11 5 0 26 2 12 14 19 2
split_gain=9.75915 4.34828 6.15995 4.722 2.74439 2.69656 1.92362 2.49587 2.05307 3.36517 1.71489 1.54862
threshold=95.869048364445476 1557.4184575379943 1.5651479000000001 -0.022690869999999894 -0.22762681762681755 1548.6071827814537 7.5000000000000009 117.55842555020992 1.1735620000000002 0.49413398692810462 0.43902116402116403 58.609591187177337
decision_type=2 2 2 2 2 2 2 2 2 2 2 2
left_child=1 2 3 -1 -3 -6 8 -8 9 -2 -10 -4
right_child=6 4 11 -5 5 -7 7 -9 10 -11 -12 -13
leaf_value=0.00040057490858288656 -0.0062721063087528154 -0.0021068495664505345 -0.016559530971991681 0.013192909145938743 0.01224407908776415 -0.000109559719546183 -0.0010698713039924894 -0.015357449255580736 0 0.011645137850715968 -0.0099667435057835159 -0.0031228626786977461
leaf_weight=71.616004213690758 7.8058471679687482 8.9734689593315107 8.0455766767263395 12.862281411886213 32.644824147224426 8.5207119286060315 7.6496282368898418 15.35513950884342 10.704679429531099 6.9597373902797699 19.609818831086159 7.1371404081583014
leaf_count=229 29 25 27 40 91 25 30 69 45 25 86 26
internal_value=-4.00731e-05 0.00280281 0.00034542 0.00250323 0.00754599 0.00969765 -0.00627396 -0.0109323 -0.00366772 0.00224927 -0.00659342 -0.0109501
internal_weight=217.885 149.8 99.661 84.4783 50.139 41.1655 68.0849 23.0048 45.0801 14.7656 30.3145 15.1827
internal_count=747 463 322 269 141 116 284 99 185 54 131 53
is_linear=0
shrinkage=0.02


Tree=126
num_leaves=12
num_cat=0
split_feature=2 8 18 23 2 22 22 6 4 3 23
split_gain=10.8658 6.0318 4.95868 3.93689 3.81706 3.16246 4.71373 3.45512 2.05948 1.19343 1.7066
threshold=59.465245423254608 0.94416433333333349 1.3941073333333336 1.5526083000000004 188.60849823064441 1.2808881750000001 0.91886880000000015 -0.44783383333333321 -0.62804059999999995 -1.0000000180025095e-35 1.3008804800000002
decision_type=2 2 2 2 2 2 2 2 2 2 2
left_child=1 -1 8 -4 5 6 -2 -7 -3 -6 -11
right_child=4 2 3 -5 9 7 -8 -9 -10 10 -12
leaf_value=0.0079936427359469063 -0.0031278685488248703 -0.011851133994290917 0.0075161761208962516 -0.005851457396211672 0.014154478150225998 0.0064477333140248085 0.00865783164383533 -0.0050691429285612136 -0.004504518005197136 -0.00088266067199347406 0.010047507345155518
leaf_weight=12.607652425765989 19.339041441679001 43.397831201553345 15.0495268702507 18.527819037437439 12.817431151866911 13.268340289592741 40.054048538208008 37.218480736017227 27.741925597190857 8.6377264857292193 13.563583463430403
leaf_count=34 52 136 43 53 39 36 109 101 79 25 40
internal_value=-5.70218e-05 -0.00456788 -0.00616048 0.000126235 0.003588 0.00169629 0.00479891 -0.00193713 -0.0091161 0.00925628 0.00585402
internal_weight=262.223 117.325 104.717 33.5773 144.899 109.88 59.3931 50.4868 71.1398 35.0187 22.2013
internal_count=747 345 311 96 402 298 161 137 215 104 65
is_linear=0
shrinkage=0.02


Tree=127
num_leaves=12
num_cat=0
split_feature=14 3 15 1 8 11 13 16 21 22 22
split_gain=3.50611 2.90557 4.6985 3.61083 4.54979 1.91058 1.82546 1.75578 4.68471 0.848947 0.374414
threshold=0.59513378778084669 -1.0000000180025095e-35 0.67500000000000016 1557.4184575379943 2.087897166666667 -0.45026289999999997 1.2465730000000002 0.19796266666666659 -0.096292399999999986 1.8572759000000001 0.96686280000000013
decision_type=2 2 2 2 2 2 2 2 2 2 2
left_child=1 2 -1 4 -3 -5 -4 8 10 -9 -2
right_child=7 3 6 5 -6 -7 -8 9 -10 -11 -12
leaf_value=0.0072526221868707483 -0.0032004014612679295 0.0070634144732495824 0.00057487068889788568 0.004138865817641205 -0.0047913527441296802 -0.0074301606058783569 -0.0079377199177717468 -0.013180414754220776 0.011684435687827739 -0.0028005631517123574 -0.0112812478925203
leaf_weight=14.759923636913298 6.1360843926668185 74.391649529337883 13.749298542737959 7.5928037762641933 14.689848080277441 15.916571691632269 31.803641870617867 10.89743021130562 6.4087536484003058 5.9307877570390692 6.5604677349328995
leaf_count=48 25 248 49 25 49 56 119 49 25 24 30
internal_value=0.000123077 0.00132034 -0.00217909 0.00321521 0.00505483 -0.0035957 -0.00536824 -0.00546349 -0.00107249 -0.00999669 -0.0080407
internal_weight=208.837 172.904 60.3129 112.591 89.0815 23.5094 45.5529 35.9335 19.1053 16.8282 12.6966
internal_count=747 594 216 378 297 81 168 153 80 73 55
is_linear=0
shrinkage=0.02


Tree=128
num_leaves=13
num_cat=0
split_feature=2 1 12 11 5 0 26 2 12 2 7 2
split_gain=9.46124 4.19076 6.01577 4.61421 2.65071 2.6091 1.90154 2.47406 1.99527 2.60103 2.47759 1.53492
threshold=95.869048364445476 1557.4184575379943 1.5651479000000001 -0.022690869999999894 -0.22762681762681755 1548.6071827814537 7.5000000000000009 117.55842555020992 1.1735620000000002 128.32023043875134 1.8453316666666668 58.609591187177337
decision_type=2 2 2 2 2 2 2 2 2 2 2 2
left_child=1 2 3 -1 -3 -6 8 -8 9 -2 -10 -4
right_child=6 4 11 -5 5 -7 7 -9 10 -11 -12 -13
leaf_value=0.00038405831253857233 -0.0057074889627751436 -0.0020824257156706514 -0.016462696996760666 0.01301092754722717 0.012014989701188328 -0.00012877035263691912 -0.0010413121744010179 -0.015295844587625096 -0.011947712117845384 0.01001131760590342 -0.00047541310434706766 -0.0030645547001826186
leaf_weight=71.631043761968613 7.3369299322366697 8.9691523909568769 7.9870607852935773 12.910728514194487 32.724336117506027 8.5195503830909711 7.6372258365154293 15.17747740447521 15.153148204088213 7.4429406523704529 14.977224111557005 7.116676539182663
leaf_count=229 27 25 27 40 91 25 30 69 64 27 67 26
internal_value=-4.03355e-05 0.00275273 0.000338423 0.0024653 0.00740459 0.0095155 -0.00619992 -0.0108522 -0.00360806 0.00221434 -0.00650776 -0.0108562
internal_weight=217.583 149.859 99.6455 84.5418 50.213 41.2439 67.7249 22.8147 44.9102 14.7799 30.1304 15.1037
internal_count=747 463 322 269 141 116 284 99 185 54 131 53
is_linear=0
shrinkage=0.02


Tree=129
num_leaves=12
num_cat=0
split_feature=2 2 17 1 8 13 0 1 17 21 19
split_gain=10.5319 5.02176 4.24419 5.7947 3.14736 2.86153 1.60712 2.66544 1.54048 1.44565 1.07243
threshold=16.84917927757181 188.60849823064441 1.6814383333333336 1468.8328409639039 1.0291335000000004 1.5373197000000003 1464.4300547667096 1555.1928138917863 1.5457121666666669 -0.22843559999999996 0.66485366485366493
decision_type=2 2 2 2 2 2 2 2 2 2 2
left_child=4 2 3 -2 -1 -4 7 -6 9 -3 -8
right_child=1 8 5 -5 6 -7 10 -9 -10 -11 -12
leaf_value=0.0038991880920464348 -0.0023639513896542784 0.00926757169486268 -0.00097266391376305374 0.0065063573508615793 -0.0098759983360402169 -0.012539955226135241 -0.015671655192906597 0.00052459680455551347 0.01490687146299108 -0.00067641529626614484 -0.0051359611973513354
leaf_weight=9.0162902772426587 50.604294627904892 14.302566826343535 26.675681948661804 67.403170734643936 21.840235203504562 12.045780718326567 14.944649487733843 16.555416375398636 11.8772597014904 8.6825959384441393 7.7562831640243521
leaf_count=25 137 42 74 184 65 35 47 51 37 25 25
internal_value=-5.47215e-05 0.00236657 0.000802344 0.00269786 -0.00663953 -0.00484656 -0.00826473 -0.00544123 0.00912453 0.00555628 -0.0125249
internal_weight=261.704 191.591 156.729 118.007 70.1129 38.7215 61.0966 38.3957 34.8624 22.9852 22.7009
internal_count=747 534 430 321 213 109 188 116 104 67 72
is_linear=0
shrinkage=0.02


Tree=130
num_leaves=12
num_cat=0
split_feature=0 26 0 2 10 13 8 5 0 21 9
split_gain=3.43715 4.62627 3.49891 5.46121 2.87811 2.8571 5.4854 3.91498 1.76796 2.58021 0.703847
threshold=1486.7326887483216 6.5000000000000009 1630.2514216788254 108.16675554703683 1.4166666666666667 1.8796965000000001 2.087897166666667 -0.19791666666666663 1550.693926304242 -0.079376999999999989 0.51289682539682546
decision_type=2 2 2 2 2 2 2 2 2 2 2
left_child=4 8 3 -3 5 7 -7 -1 10 -10 -2
right_child=1 2 -4 -5 -6 6 -8 -9 9 -11 -12
leaf_value=0.0093863915203091751 -0.015432052333100845 -0.0028210039775417996 -0.0095899571099258858 0.0098128903924493537 0.011430569867304306 0.016553295251167142 -0.00081540279399127172 -0.0030176964135601378 -0.011691934646352754 0.0031017933920788601 -0.0059605254536957072
leaf_weight=11.308552056550978 11.436951622366907 29.603276774287224 9.8591129928827268 23.689791262149811 12.045020967721937 11.613052845001222 16.490552321076393 57.224307730793953 6.9757143557071712 10.456061497330664 7.974475920200347
leaf_count=35 47 109 42 84 40 36 53 196 31 41 33
internal_value=0.000124657 -0.00252813 0.000745225 0.00283547 0.00258446 0.00135559 0.00661519 -0.000836589 -0.0080632 -0.00302289 -0.0121217
internal_weight=208.677 99.9954 63.1522 53.2931 108.681 96.6365 28.1036 68.5329 36.8432 17.4318 19.4114
internal_count=747 387 235 193 360 320 89 231 152 72 80
is_linear=0
shrinkage=0.02


Tree=131
num_leaves=12
num_cat=0
split_feature=2 18 16 23 18 18 6 24 26 2 7
split_gain=9.14484 5.00596 4.84698 3.5611 3.28653 8.26981 3.72104 2.84564 1.47732 1.93876 1.52253
threshold=100.88496331995215 1.3893891666666671 0.35235433333333355 1.5614673000000001 1.1466273333333337 1.0015781666666672 -0.25383833333333322 0.35100732600732604 6.5000000000000009 176.99255624503135 1.0515818333333335
decision_type=2 2 2 2 2 2 2 2 2 2 2
left_child=1 4 3 -3 5 -1 -6 -2 9 -9 -10
right_child=7 2 -4 -5 6 -7 -8 8 10 -11 -12
leaf_value=0.006838750134845346 0.0050665605469937449 -0.011907743804264157 0.0104307742361258 -0.00042330663757894149 0.01559386032996384 -0.0082907737826221593 0.0012942865152061767 0.00094173971501104975 -0.0014091259322790237 -0.010369461017169165 -0.012806636078575811
leaf_weight=50.612867131829262 6.7337246239185324 17.283417224884033 8.7843033671379072 27.510447412729263 19.624171763658527 19.040422856807709 12.047611698508261 13.911253064870836 6.4868211895227423 9.1868052780628187 26.048174113035202
leaf_count=148 25 60 25 93 58 59 38 52 25 46 118
internal_value=-4.4725e-05 0.00255023 -0.00234022 -0.00506144 0.00515333 0.00261583 0.0104218 -0.00646004 -0.00795534 -0.00371769 -0.0107036
internal_weight=217.27 154.903 53.5782 44.7939 101.325 69.6533 31.6718 62.3668 55.6331 23.0981 32.535
internal_count=747 481 178 153 303 207 96 266 241 98 143
is_linear=0
shrinkage=0.02


Tree=132
num_leaves=13
num_cat=0
split_feature=2 12 24 9 17 2 7 23 23 9 5 14
split_gain=10.1622 4.88758 4.90115 3.42303 3.35008 2.8639 3.14838 1.30066 2.74162 1.79105 0.896425 0.699937
threshold=16.84917927757181 1.5721972000000002 0.51309079809079816 0.53736772486772499 1.5393203333333336 176.99255624503135 1.7322418333333336 1.5680573000000002 1.1413912000000002 0.49867724867724877 -0.22762681762681755 0.63499583749583766
decision_type=2 2 2 2 2 2 2 2 2 2 2 2
left_child=7 2 3 -2 -4 6 -3 8 10 -10 -1 -7
right_child=1 5 4 -5 -6 11 -8 -9 9 -11 -12 -13
leaf_value=-0.0033202079003873076 0.0047005249028786306 0.0099213087476367149 -0.00072690841817713242 -0.0047646808707553631 -0.012816567233288507 0.014703959574488059 -0.00093645218411798513 -0.012505612903199499 0.0026297774018946111 -0.0078810219809021375 -0.011631961261731589 0.0065550571420285144
leaf_weight=9.2846461832523328 65.991182416677475 16.105413973331451 21.577002853155136 18.73099347949028 15.623104512691496 14.941104233264925 27.290319174528122 12.009238064289091 20.20301461219788 8.306228429079054 20.062915056943897 11.08246213197708
leaf_count=30 180 44 59 51 46 46 74 36 60 25 62 34
internal_value=-5.79259e-05 0.00232 -8.60765e-05 0.00255339 -0.00605921 0.00651546 0.00318084 -0.00653941 -0.0050756 -0.000528085 -0.00926434 0.0116786
internal_weight=261.208 191.342 121.922 84.7222 37.2001 69.4193 43.3957 69.866 57.8568 28.5092 29.3476 26.0236
internal_count=747 534 336 231 105 198 118 213 177 85 92 80
is_linear=0
shrinkage=0.02


Tree=133
num_leaves=8
num_cat=0
split_feature=8 0 3 12 1 24 0
split_gain=3.38165 2.76031 4.48216 3.44782 3.43363 2.70759 0.289561
threshold=0.6482315000000004 1442.9525743021798 -1.4999999999999998 0.76961690000000005 1595.653611073925 0.56063492063492071 1490.4934363376958
decision_type=2 2 2 2 2 2 2
left_child=-1 4 6 -4 5 -2 -3
right_child=1 2 3 -5 -6 -7 -8
leaf_value=-0.010257620875876713 0.0043402752635496216 -0.005237058700063326 -0.010291610000890627 0.0016049820702001853 -0.0053186962725019892 0.017923818058264481 -0.01276461837264538
leaf_weight=10.810327529907225 19.98648235201836 6.9160779863595954 9.4704764336347562 136.02158395946026 7.9393103122711173 8.3519103527069074 9.0050372779369336
leaf_count=45 64 25 34 489 26 25 39
internal_value=0.000128922 0.000755723 -0.000363322 0.00075198 0.00566461 0.00888628 -0.0101156
internal_weight=208.501 197.691 161.413 145.492 36.2777 28.3384 15.9211
internal_count=747 702 587 523 115 89 64
is_linear=0
shrinkage=0.02


Tree=134
num_leaves=12
num_cat=0
split_feature=2 18 16 18 18 24 24 13 26 2 7
split_gain=8.85632 4.86366 4.71365 3.19195 8.04332 3.09839 2.79717 2.6662 1.44757 1.8887 1.50734
threshold=100.88496331995215 1.3893891666666671 0.35235433333333355 1.1466273333333337 1.0015781666666672 0.46311445090856862 0.35100732600732604 1.1597903000000003 6.5000000000000009 176.99255624503135 1.0515818333333335
decision_type=2 2 2 2 2 2 2 2 2 2 2
left_child=1 3 7 4 -1 -5 -2 -3 9 -8 -10
right_child=6 2 -4 5 -6 -7 8 -9 10 -11 -12
leaf_value=0.006718126364607134 0.0050339047696759277 0.0047042985947312824 0.010252624493601472 -7.7570664604333163e-06 -0.0082138452329525921 0.013854581284972278 0.000904632155841035 -0.0073263095661242617 -0.0013649819128481835 -0.010286190328553742 -0.012721649821684276
leaf_weight=50.696670517325401 6.7401002645492545 8.2245871722698194 8.8049425482749921 8.3766669631004351 18.985273331403732 23.381567731499672 13.930374011397364 36.470125392079353 6.471406862139701 9.0931257009506208 25.769201099872589
leaf_count=148 25 27 25 27 59 69 52 126 25 46 118
internal_value=-4.50609e-05 0.00250274 -0.00232288 0.00506513 0.00256287 0.0102485 -0.00638207 -0.0050142 -0.00787465 -0.00367612 -0.0106119
internal_weight=216.944 154.94 53.4997 101.44 69.6819 31.7582 62.0042 44.6947 55.2641 23.0235 32.2406
internal_count=747 481 178 303 207 96 266 153 241 98 143
is_linear=0
shrinkage=0.02


Tree=135
num_leaves=12
num_cat=0
split_feature=2 12 21 14 8 10 8 3 7 0 4
split_gain=9.79695 4.71275 5.71322 4.24652 3.87927 2.85998 3.94216 2.27244 1.94051 2.6641 1.80128
threshold=28.061172678801999 1.5721972000000002 0.20452383000000005 0.4972863247863249 0.96681283333333345 2.1666666666666674 1.0720851666666671 -1.0000000180025095e-35 0.74365000000000014 1476.3104747605059 -0.87387859000000001
decision_type=2 2 2 2 2 2 2 2 2 2 2
left_child=4 2 3 -2 -1 7 -7 -3 -6 -10 -4
right_child=1 5 10 -5 8 6 -8 -9 9 -11 -12
leaf_value=0.0060978142884597474 0.0056986554753995153 0.015658666527483531 -0.0013753060198470146 -0.0036507827292997846 6.2772410266638385e-05 0.0079460426382023663 -0.0066258491309835622 0.0055077202811208894 -0.0054220883868041818 -0.014458545924627364 -0.013024683416562438
leaf_weight=9.2469243407249433 54.945746809244156 16.826460599899292 9.4134223163127917 28.672289073467255 12.410471260547636 16.304408013820652 11.952398151159285 22.741609185934067 44.839904427528381 19.794846087694168 13.574291050434111
leaf_count=25 149 49 27 78 37 46 34 65 136 63 38
internal_value=-6.09907e-05 0.00265588 3.17164e-06 0.00246388 -0.00554329 0.00673567 0.0016981 0.0101533 -0.0070263 -0.00839816 -0.00859386
internal_weight=260.723 174.431 106.606 83.618 86.2921 67.8249 28.2568 39.5681 77.0452 64.6348 22.9877
internal_count=747 486 292 227 261 194 80 114 236 199 65
is_linear=0
shrinkage=0.02


Tree=136
num_leaves=12
num_cat=0
split_feature=4 1 1 6 5 4 5 16 16 17 24
split_gain=3.3266 3.02722 5.61665 4.85507 3.31493 3.63809 2.77231 2.47559 4.24932 1.0551 0.763625
threshold=0.62318259999999992 1466.5453886343707 1458.3243959152994 -0.65738566666666653 -0.18466517142987723 -0.97445449999999989 -0.071415806415806402 -0.33241016666666667 -0.72253166666666668 0.87602616666666699 0.49575924075924083
decision_type=2 2 2 2 2 2 2 2 2 2 2
left_child=1 2 3 -1 5 -3 -6 8 9 -2 -9
right_child=7 4 -4 -5 6 -7 -8 10 -10 -11 -12
leaf_value=-0.0075535194963230424 -0.011641703036069484 0.00051935807725745275 0.0194441735608144 0.0079523315568925407 -0.0065613579166574967 0.014684352396795573 0.0006105881407735326 -0.014660759934198296 0.0076913660871899712 -0.0016688706920571928 -0.0044733467128363312
leaf_weight=12.15527707338333 8.966303616762163 22.290818423032761 8.7679802477359754 19.813985303044323 33.448117643594742 10.039811879396437 56.068523526191711 8.6557473391294462 12.114484414458277 9.0103031247854215 7.0296185761690131
leaf_count=43 34 72 29 68 118 32 202 39 45 35 30
internal_value=0.000132627 0.00148614 0.00613556 0.00194578 -8.93166e-05 0.00528669 -0.00209001 -0.00456089 -0.00102481 -0.00709983 -0.0107567
internal_weight=208.361 162.585 40.7372 31.9693 121.847 32.3306 89.5166 45.7765 30.0911 17.9766 15.6854
internal_count=747 564 140 111 424 104 320 183 114 69 69
is_linear=0
shrinkage=0.02


Tree=137
num_leaves=9
num_cat=0
split_feature=1 6 0 18 11 16 0 1
split_gain=8.02903 4.19031 3.2897 2.89047 2.94813 2.66336 3.03617 1.4328
threshold=1493.166798955154 0.87312050000000008 1534.7290629321139 0.95140100000000027 -0.98616839999999983 -0.30772649999999974 1578.4620458576564 1449.1194753383957
decision_type=2 2 2 2 2 2 2 2
left_child=2 5 3 -1 -5 -2 -7 -4
right_child=1 -3 7 4 -6 6 -8 -9
leaf_value=0.0072698679447244386 -0.0028482833764899751 -0.0066173569866017261 -0.0027319176185183268 0.0064278345859404709 -0.0052285740819764124 0.0074532004123780424 -0.005106897215740736 -0.013837969894436853
leaf_weight=10.422158837318419 14.023888275027273 13.18042743206024 7.9066968858242062 9.1277196407318097 59.120229572057724 79.340282037854195 7.6240558773279181 15.865660697221754
leaf_count=35 47 49 40 30 215 226 27 78
internal_value=-4.50539e-05 0.00357841 -0.00409817 -0.00203597 -0.00357041 0.00498055 0.0062838 -0.0104842
internal_weight=216.611 114.169 102.442 78.6701 68.2479 100.988 86.9643 23.7724
internal_count=747 349 398 280 245 300 253 118
is_linear=0
shrinkage=0.02


Tree=138
num_leaves=12
num_cat=0
split_feature=2 2 17 11 17 17 18 23 18 12 23
split_gain=9.46107 4.66903 3.98019 3.41012 3.25493 1.54903 1.43242 4.41016 1.39069 1.4566 1.2239
threshold=16.84917927757181 188.60849823064441 1.6814383333333336 0.18420200000000006 1.0484178333333334 1.5457121666666669 1.3941073333333336 1.5526083000000004 1.1466273333333337 1.4504226000000002 1.3779222000000002
decision_type=2 2 2 2 2 2 2 2 2 2 2
left_child=6 2 4 -4 -2 10 8 -8 9 -1 -3
right_child=1 5 3 -5 -6 -7 7 -9 -10 -11 -12
leaf_value=-0.002984546057579654 -0.0013229990750462212 0 -0.0095574095201415282 0.0022351689418774533 0.0053494419021990333 0.014620312225367761 0.0066460910990329605 -0.010900050322204346 -0.013472312866370271 -0.012616549378603441 0.0091109108409511783
leaf_weight=26.016544222831726 49.137711852788925 10.032458782196047 22.813407063484192 15.749615192413328 68.698692589998245 11.673283189535139 10.953977763652803 9.9580329060554487 14.296033531427382 8.1736674606800062 12.721990644931791
leaf_count=81 133 29 66 43 188 37 32 30 44 26 38
internal_value=-6.34815e-05 0.00223043 0.000726564 -0.00475586 0.00256249 0.00879247 -0.00634165 -0.00173402 -0.00821329 -0.00563714 0.00522891
internal_weight=260.225 190.827 156.399 38.563 117.836 34.4277 69.3983 20.912 48.4862 34.1902 22.7544
internal_count=747 534 430 109 321 104 213 62 151 107 67
is_linear=0
shrinkage=0.02


Tree=139
num_leaves=8
num_cat=0
split_feature=8 0 2 24 26 7 18
split_gain=3.2956 2.66772 6.6368 4.94524 2.91452 3.98583 2.69213
threshold=0.6482315000000004 1442.9525743021798 -1.7100891132471359 0.57156981906981918 6.5000000000000009 0.80531275000000024 1.8141005000000001
decision_type=2 2 2 2 2 2 2
left_child=-1 2 3 -2 6 -6 -3
right_child=1 4 -4 -5 5 -7 -8
leaf_value=-0.010160077877081919 -0.0089798925630428256 -0.0057007420184593451 0.015850501946336148 0.0092713896652778047 -0.0075768928420373149 0.0034382328830463707 0.0047591941879163097
leaf_weight=10.710118696093557 12.997640758752825 50.613032788038254 14.05078139901161 9.2828458249568921 14.466436743736265 84.946424022316933 11.146978899836538
leaf_count=45 42 192 44 29 52 301 42
internal_value=0.000139184 0.00075613 0.00557713 -0.00121823 -0.000345967 0.00175591 -0.00373522
internal_weight=208.214 197.504 36.3313 22.2805 161.173 99.4129 61.76
internal_count=747 702 115 71 587 353 234
is_linear=0
shrinkage=0.02


Tree=140
num_leaves=10
num_cat=0
split_feature=2 23 0 16 2 24 24 8 8
split_gain=8.30677 4.65434 3.52683 5.07306 3.56545 2.74532 1.44687 2.00627 0.570325
threshold=100.88496331995215 0.8021391000000001 1477.334905139777 -0.07058033333333337 -3.1370954697182465 0.35100732600732604 0.4125396825396826 1.000960166666667 1.3113901666666672
decision_type=2 2 2 2 2 2 2 2 2
left_child=1 8 4 -4 -3 -2 -7 -8 -1
right_child=5 2 3 -5 -6 6 7 -9 -10
leaf_value=0.0064755001258848376 0.0050760765190626337 0.0029456077321990976 -0.0038870924655499458 0.0090364446845711249 -0.0053166139805597493 -0.014534489442129948 -0.012248177123268729 -0.0028795325796844031 0.015214204116154871
leaf_weight=9.4280443191528338 6.7278399765491477 37.414195150136948 16.843513309955597 37.357087388634682 44.536715641617775 10.028004139661787 12.989911705255507 31.575549885630608 9.374858081340788
leaf_count=27 25 108 58 109 153 48 60 133 26
internal_value=-4.84925e-05 0.00240889 0.00106674 0.0049864 -0.0015304 -0.00622921 -0.00772464 -0.00586307 0.0114818
internal_weight=216.276 154.954 136.152 54.2006 81.9509 61.3213 54.5935 44.5655 18.8029
internal_count=747 481 428 167 261 266 241 193 53
is_linear=0
shrinkage=0.02


Tree=141
num_leaves=12
num_cat=0
split_feature=2 2 17 1 11 8 0 1 17 21 18
split_gain=9.14209 4.53594 3.85508 5.60272 3.33426 3.03696 1.57139 2.63838 1.52857 1.39469 1.06884
threshold=16.84917927757181 188.60849823064441 1.6814383333333336 1468.8328409639039 0.18420200000000006 1.0291335000000004 1464.4300547667096 1555.1928138917863 1.5457121666666669 -0.22843559999999996 0.84100316666666686
decision_type=2 2 2 2 2 2 2 2 2 2 2
left_child=5 2 3 -2 -4 -1 7 -7 9 -3 -8
right_child=1 8 4 -5 -6 6 10 -9 -10 -11 -12
leaf_value=0.0040978649111448103 -0.0024640821343497672 0.0088214830258495497 -0.0094506940284959078 0.0062643939881675608 0.0022158222298152078 -0.009523879603876231 -0.004747191175629638 0.00086889701568201112 0.01448236341892502 -0.00097329709099997538 -0.015268101417035378
leaf_weight=8.981829881668089 50.532911121845245 14.082550585269926 22.750619024038315 67.273749053478241 15.746584326028822 21.570345193147659 7.609062165021899 16.381434917449951 11.58632308244705 8.6145333945751208 14.633539944887159
leaf_count=25 137 42 66 184 43 65 25 51 37 25 47
internal_value=-6.58888e-05 0.00218873 0.000707929 0.00251427 -0.0046928 -0.00624875 -0.00786703 -0.00507947 0.00867185 0.00513534 -0.0121141
internal_weight=259.763 190.587 156.304 117.807 38.4972 69.1762 60.1944 37.9518 34.2834 22.6971 22.2426
internal_count=747 534 430 321 109 213 188 116 104 67 72
is_linear=0
shrinkage=0.02


Tree=142
num_leaves=9
num_cat=0
split_feature=4 23 7 5 16 16 17 24
split_gain=3.21693 4.39685 3.0154 3.78057 2.40831 4.17379 1.04101 0.768597
threshold=0.62318259999999992 1.9744603000000003 0.56126235000000013 -0.21421883671883668 -0.33241016666666667 -0.72253166666666668 0.87602616666666699 0.49575924075924083
decision_type=2 2 2 2 2 2 2 2
left_child=1 2 -1 -4 5 6 -2 -6
right_child=4 -3 3 -5 7 -7 -8 -9
leaf_value=-0.010045975198584972 -0.01157340610258323 0.015324565642292027 0.0086479536817744545 -1.5134694371450211e-06 -0.01457863401706838 0.0076166800087806696 -0.0016506755150840458 -0.0043503684530070497
leaf_weight=8.7989359945058805 8.9139510095119494 7.6951475441455832 23.082743227481842 122.94267231225967 8.5267857015132886 12.136389747262003 8.9975922852754575 6.9733321368694297
leaf_count=31 34 26 73 434 39 45 35 30
internal_value=0.000144109 0.00147315 0.000677936 0.00140165 -0.00448482 -0.00100442 -0.00704548 -0.0106408
internal_weight=208.068 162.519 154.824 146.025 45.5481 30.0479 17.9115 15.5001
internal_count=747 564 538 507 183 114 69 69
is_linear=0
shrinkage=0.02


Tree=143
num_leaves=11
num_cat=0
split_feature=2 18 16 18 18 8 8 24 24 8
split_gain=8.03711 4.4789 5.07908 3.18389 7.69361 4.54681 2.95305 2.70313 1.43664 1.98297
threshold=100.88496331995215 1.3893891666666671 0.35582533333333344 1.1466273333333337 1.0015781666666672 1.8646983333333338 1.2423418333333338 0.35100732600732604 0.4125396825396826 1.000960166666667
decision_type=2 2 2 2 2 2 2 2 2 2
left_child=1 3 6 4 -1 -5 -3 -2 -9 -10
right_child=7 2 -4 5 -6 -7 -8 8 9 -11
leaf_value=0.0063721933368564212 0.0050568707417561459 0.0027718582804722438 0.011024726849031871 0.0046252002448047332 -0.0082333530655442928 0.02117182060267021 -0.0082465108346748174 -0.014470229724022891 -0.012172456473172473 -0.0028275410942306361
leaf_weight=50.894409999251366 6.7312493920326224 12.904083475470541 8.4906531274318677 22.623678594827656 18.945784956216812 9.2258845269680005 31.87046916782856 9.9022509306669217 12.865225628018377 31.481197103857994
leaf_count=148 25 44 24 69 59 27 110 48 60 133
internal_value=-5.04632e-05 0.00236178 -0.00228313 0.0048128 0.00232157 0.00997775 -0.00503613 -0.00615164 -0.00764496 -0.00579132
internal_weight=215.935 154.955 53.2652 101.69 69.8402 31.8496 44.7746 60.9799 54.2487 44.3464
internal_count=747 481 178 303 207 96 154 266 241 193
is_linear=0
shrinkage=0.02


Tree=144
num_leaves=14
num_cat=0
split_feature=2 18 23 6 16 2 17 17 23 10 17 23 12
split_gain=8.84251 3.83338 5.00859 3.79089 3.47631 3.25033 2.82405 3.89874 3.23831 2.26909 1.50872 1.19382 0.846368
threshold=59.465245423254608 1.3941073333333336 1.5526083000000004 -0.85248149999999989 -0.38158100000000011 188.60849823064441 1.5034008333333333 1.0484178333333334 1.2581250000000004 0.58333333333333337 1.5457121666666669 1.3779222000000002 1.0816836000000001
decision_type=2 2 2 2 2 2 2 2 2 2 2 2 2
left_child=1 3 -3 12 -4 6 7 -2 -8 -5 11 -7 -1
right_child=5 2 4 9 -6 10 8 -9 -10 -11 -12 -13 -14
leaf_value=-0.017680279432862728 -0.0011678102735199712 0.0090387124559039144 0.0018855682244345395 -0.010752841336496325 -0.014092453462670507 -1.838952270042957e-05 0.004324889934741824 0.0076680041785188828 -0.008421419713812146 -0.0015909350332219037 0.014334365917819477 0.0088828303917619072 -0.0073206720797618675
leaf_weight=11.658759504556658 36.678286284208298 16.503414839506149 11.242647826671602 13.737467139959334 8.902950167655943 10.003056675195696 12.094842761754991 41.416376441717148 19.306264817714691 45.204781264066696 11.489985197782515 12.626929193735121 8.393866688013075
leaf_count=37 99 47 31 42 27 29 33 113 53 135 37 38 26
internal_value=-6.9427e-05 -0.00417358 0.00110855 -0.0066324 -0.00541354 0.00322754 0.00149213 0.00353055 -0.00346821 -0.0039034 0.00853871 0.00502935 -0.0139925
internal_weight=259.26 115.644 36.649 78.9949 20.1456 143.616 109.496 78.0947 31.4011 58.9422 34.12 22.63 20.0526
internal_count=747 345 105 240 58 402 298 212 86 177 104 67 63
is_linear=0
shrinkage=0.02


Tree=145
num_leaves=7
num_cat=0
split_feature=8 0 2 3 8 0
split_gain=3.19691 2.57345 3.71075 3.06621 3.12463 1.44251
threshold=0.6482315000000004 1427.8219395283616 -8.7392584573514096 -1.4999999999999998 0.89388433333333372 1485.2561996816205
decision_type=2 2 2 2 2 2
left_child=-1 2 -2 5 -5 -3
right_child=1 3 -4 4 -6 -7
leaf_value=-0.010048769894514489 0.00040962291312651033 -0.00069464953668585958 0.01645154753145173 0.0093567439806845204 -0.00013618411628957006 -0.012848734753916371
leaf_weight=10.597742751240729 15.051320210099222 7.055858030915263 8.6858044266700727 14.314948812127112 142.89112339913845 9.3434111624956113
leaf_count=45 48 25 26 55 507 41
internal_value=0.000146382 0.000751872 0.00678824 -9.6179e-05 0.000769265 -0.00807481
internal_weight=207.94 197.342 23.7371 173.605 157.206 16.3993
internal_count=747 702 74 628 562 66
is_linear=0
shrinkage=0.02


Tree=146
num_leaves=11
num_cat=0
split_feature=1 6 4 16 6 19 14 11 20 6
split_gain=7.31832 3.88095 3.54954 3.86255 2.5419 4.62159 2.27843 2.81183 1.84461 1.66238
threshold=1493.166798955154 0.87312050000000008 -0.42527183999999996 -0.93350166666666656 0.52916683333333348 0.56701839826839839 0.45327020202020207 -1.0263746999999996 0.83333333333333337 -0.15568299999999999
decision_type=2 2 2 2 2 2 2 2 2 2
left_child=2 4 6 9 5 -2 7 -1 -5 -4
right_child=1 -3 3 8 -6 -7 -8 -9 -10 -11
leaf_value=0.0062538542530241915 -0.001263517153702372 -0.0064623550860564991 0.0079881509954456958 -0.0038460728802075517 0.013722035581018676 0.0076889449068762552 0.0095198231408380688 -0.0083712740996282516 -0.011730701734926376 -0.0036980306547737553
leaf_weight=8.3120904862880725 42.060439944267273 13.042766869068144 8.1020920723676699 21.449539721012115 10.492553800344465 48.579030379652977 9.3823856562376005 10.981022924184801 33.881886392831802 9.3369916379451734
leaf_count=27 129 49 29 88 33 138 31 38 147 38
internal_value=-4.85456e-05 0.00340139 -0.00394618 -0.00627689 0.0047439 0.00354436 0.00191331 -0.00197407 -0.00883222 0.0017616
internal_weight=215.621 114.175 101.446 72.7705 101.132 90.6395 28.6755 19.2931 55.3314 17.4391
internal_count=747 349 398 302 300 267 96 65 235 67
is_linear=0
shrinkage=0.02


Tree=147
num_leaves=13
num_cat=0
split_feature=2 12 24 17 17 8 10 8 22 0 0 19
split_gain=8.56903 4.31549 4.4818 3.09307 2.96449 2.95934 2.75441 3.98535 2.18974 1.56112 2.59986 1.12121
threshold=16.84917927757181 1.5721972000000002 0.51309079809079816 1.5393203333333336 1.0953655000000002 1.0291335000000004 2.1666666666666674 1.0720851666666671 1.3086509666666668 1464.4300547667096 1427.8219395283616 0.66485366485366493
decision_type=2 2 2 2 2 2 2 2 2 2 2 2
left_child=5 2 4 -4 -2 -1 8 -8 -3 10 -7 -11
right_child=1 6 3 -5 -6 9 7 -9 -10 11 -12 -13
leaf_value=0.0041280168873026844 -0.0017819066330306871 0.013655931655365827 -0.0007665648810306798 -0.012444265356352584 0.0056613764294680593 -0.010187322478678455 0.0075346064720718175 -0.0070691465414307224 0.0039136472251789702 -0.015157338833176841 7.4645968722240582e-05 -0.0044520459074328615
leaf_weight=8.9723733067512494 37.248191893100739 21.580455124378204 21.535365134477615 15.386468857526777 47.240647703409195 18.025049388408661 16.151289343833927 12.200079917907713 18.69650986790657 14.501405596733095 19.70955091714859 7.5313830673694602
leaf_count=25 101 63 59 46 130 56 46 35 54 47 60 25
internal_value=-7.28537e-05 0.00211014 -0.000148995 -0.00588559 0.00237404 -0.00608038 0.00608024 0.00115548 0.00938641 -0.00768851 -0.00491211 -0.011937
internal_weight=258.779 190.039 121.411 36.9218 84.4888 68.7398 68.6283 28.3514 40.277 59.7674 37.7346 22.0328
internal_count=747 534 336 105 231 213 198 81 117 188 116 72
is_linear=0
shrinkage=0.02


Tree=148
num_leaves=9
num_cat=0
split_feature=4 23 7 5 16 16 0 24
split_gain=3.08052 4.2141 2.94786 3.66013 2.36438 4.08178 1.0194 0.772143
threshold=0.62318259999999992 1.9744603000000003 0.56126235000000013 -0.21421883671883668 -0.33241016666666667 -0.72253166666666668 1484.0677463596328 0.49575924075924083
decision_type=2 2 2 2 2 2 2 2
left_child=1 2 -1 -4 5 6 -2 -6
right_child=4 -3 3 -5 7 -7 -8 -9
leaf_value=-0.0099644131245237751 -0.00047578797854644101 0.014956138170440694 0.0084979648040978354 -2.0673064679995128e-06 -0.014503030263850254 0.0075559398524421232 -0.010523321968822866 -0.0042393376978315045
leaf_weight=8.7497231513261777 6.9244107455015209 7.7602630257606497 23.155719056725502 122.85485243797302 8.4044055044651014 12.152532234787943 10.881214797496794 6.919916719198226
leaf_count=31 25 26 73 434 39 45 44 30
internal_value=0.000150859 0.00144867 0.000666846 0.00138098 -0.00439449 -0.000950329 -0.00695538 -0.0105344
internal_weight=207.803 162.521 154.76 146.011 45.2825 29.9582 17.8056 15.3243
internal_count=747 564 538 507 183 114 69 69
is_linear=0
shrinkage=0.02


Tree=149
num_leaves=8
num_cat=0
split_feature=4 0 16 21 16 17 16
split_gain=5.55131 4.2988 4.45875 3.51595 3.19149 3.17303 1.27484
threshold=-2.1978881149999996 1546.834396931185 -0.30772649999999974 -0.39995069999999994 1.0409653333333335 1.0484178333333334 -0.49107249999999997
decision_type=2 2 2 2 2 2 2
left_child=-1 2 5 -4 6 -2 -3
right_child=1 4 3 -5 -6 -7 -8
leaf_value=0.015210063820580455 0 -0.00096147382348233117 -0.0084103767783791986 0.003891937788380268 0.0043071018415908038 -0.010089250262071248 -0.011185469865992335
leaf_weight=8.1248212158679944 29.737405478954315 6.7415679842233649 9.1383807212114316 107.32175087928772 7.934862107038497 20.433402016758919 25.876280635595322
leaf_count=22 106 33 32 331 27 78 118
internal_value=-4.88839e-05 -0.000727065 0.000693313 0.00284619 -0.00648775 -0.00422298 -0.00922329
internal_weight=215.308 207.184 166.631 116.46 40.5527 50.1708 32.6178
internal_count=747 725 547 363 178 184 151
is_linear=0
shrinkage=0.02


Tree=150
num_leaves=12
num_cat=0
split_feature=2 2 22 22 19 8 0 1 7 19 18
split_gain=8.27654 4.17667 3.22504 4.22398 3.82201 2.89184 1.54232 2.59289 1.24298 1.11606 0.909504
threshold=16.84917927757181 188.60849823064441 1.2707303000000001 1.0277510000000001 0.44828042328042333 1.0291335000000004 1464.4300547667096 1555.1928138917863 1.3558550000000003 0.66485366485366493 1.2438266666666669
decision_type=2 2 2 2 2 2 2 2 2 2 2
left_child=5 2 3 -2 -4 -1 7 -7 -3 -8 -10
right_child=1 8 4 -5 -6 6 9 -9 10 -11 -12
leaf_value=0.0040932415789920081 -0.00096385988914318948 0.0013313261464877818 0.0042534825785045006 0.0081246670681814088 -0.0052572850048989142 -0.0092625020602001614 -0.015046118150423178 0.0010734348133182787 0.015643211509214994 -0.0043595553640719013 0.0066950692480697406
leaf_weight=8.9728912711143476 41.251268535852432 8.6721582710742933 23.613048434257507 38.562818914651871 52.502651810646057 21.358792096376419 14.401262402534487 16.270332872867584 9.2342033982276934 7.5005173683166495 15.946752846240996
leaf_count=25 112 25 64 106 148 65 47 51 29 25 50
internal_value=-7.70221e-05 0.00206808 0.000650755 0.00344879 -0.00226397 -0.00599285 -0.00758864 -0.00482951 0.00833304 -0.0118239 0.010525
internal_weight=258.287 189.783 155.93 79.8141 76.1157 68.5038 59.5309 37.6291 33.8531 21.9018 25.181
internal_count=747 534 430 218 212 213 188 116 104 72 79
is_linear=0
shrinkage=0.02


Tree=151
num_leaves=6
num_cat=0
split_feature=8 8 4 22 1
split_gain=3.10077 2.5284 3.03872 2.90921 2.68587
threshold=0.6482315000000004 0.75188000000000021 0.65057900000000002 0.87200480000000014 1557.4184575379943
decision_type=2 2 2 2 2
left_child=-1 -2 4 -4 -3
right_child=1 2 3 -5 -6
leaf_value=-0.0099368031528892769 0.012418036344125643 0.003022155683455539 0.0031401832033083237 -0.0088972620142989747 -0.0029315823148366349
leaf_weight=10.486602172255514 6.1677338778972617 117.05923676490784 11.064341366291044 23.312593266367912 39.585759341716766
leaf_count=45 24 401 40 98 139
internal_value=0.000154549 0.000748731 0.000298829 -0.00498718 0.00149585
internal_weight=207.676 197.19 191.022 34.3769 156.645
internal_count=747 702 678 138 540
is_linear=0
shrinkage=0.02


Tree=152
num_leaves=9
num_cat=0
split_feature=2 4 12 12 26 2 18 21
split_gain=7.40797 3.83469 4.23739 3.46079 1.87891 2.49036 1.89577 2.52373
threshold=95.869048364445476 -2.1978881149999996 0.71108483333333339 0.84206560000000019 7.5000000000000009 117.55842555020992 2.1135683333333337 0.57811940000000017
decision_type=2 2 2 2 2 2 2 2
left_child=1 -1 -3 -4 6 -6 7 -2
right_child=4 2 3 -5 5 -7 -8 -9
leaf_value=0.014982822388306529 -0.0072416813020184335 -0.011898268219956851 0.012390967746805776 0.0013668183801843401 -0.0005232354162525726 -0.015009653548820927 0.0061847273404579232 0.0057241128406694212
leaf_weight=8.1359837055206281 30.51272089779377 7.7741101235151282 11.704259067773817 122.33425740897655 7.4261106699705151 14.2453026920557 6.4405288249254218 6.4532778561115256
leaf_count=22 136 26 36 379 30 69 25 24
internal_value=-4.75862e-05 0.0023881 0.00155166 0.00242889 -0.00564121 -0.0103759 -0.00305189 -0.00483437
internal_weight=215.027 149.949 141.813 134.039 65.0779 21.6714 43.4065 36.966
internal_count=747 463 441 415 284 99 185 160
is_linear=0
shrinkage=0.02


Tree=153
num_leaves=12
num_cat=0
split_feature=2 2 17 1 11 8 0 0 17 21 18
split_gain=8.0268 4.03147 3.47 5.445 3.20035 2.83302 1.52905 2.55477 1.51512 1.37989 1.08793
threshold=16.84917927757181 188.60849823064441 1.6814383333333336 1468.8328409639039 0.18420200000000006 1.0291335000000004 1464.4300547667096 1427.8219395283616 1.5457121666666669 -0.22843559999999996 0.84100316666666686
decision_type=2 2 2 2 2 2 2 2 2 2 2
left_child=5 2 3 -2 -4 -1 7 -7 9 -3 -8
right_child=1 8 4 -5 -6 6 10 -9 -10 -11 -12
leaf_value=0.0040633053725173309 -0.0025525178108841452 0.0084100780172085606 -0.009188763445412116 0.0060605954339841422 0.0022628810818742279 -0.010005309028811795 -0.004330524423369766 0.00018881629399311221 0.014048106033200858 -0.0013633966016094185 -0.014919744606219962
leaf_weight=8.9758088886737806 50.440843909978867 13.880161195993422 22.552059561014175 67.10948845744133 15.717729866504667 17.897039800882339 7.4716037809848812 19.64478674530983 11.283049732446669 8.5315639972686785 14.317389816045759
leaf_count=25 137 42 66 184 43 56 25 60 37 25 47
internal_value=-7.82702e-05 0.00203448 0.000643389 0.00235748 -0.00449669 -0.00591366 -0.0074985 -0.00475257 0.00820589 0.00470482 -0.0117257
internal_weight=257.822 189.515 155.82 117.55 38.2698 68.3066 59.3308 37.5418 33.6948 22.4117 21.789
internal_count=747 534 430 321 109 213 188 116 104 67 72
is_linear=0
shrinkage=0.02


Tree=154
num_leaves=6
num_cat=0
split_feature=8 8 0 2 3
split_gain=3.03452 2.46404 2.92504 6.21164 3.58673
threshold=0.6482315000000004 0.75188000000000021 1443.73381541609 -1.7100891132471359 -1.4999999999999998
decision_type=2 2 2 2 2
left_child=-1 -2 3 -3 -4
right_child=1 2 4 -5 -6
leaf_value=-0.0098592602380792767 0.012235986353712643 -0.0015257403116794436 -0.0097944336941271325 0.014414086320378786 0.00010088956996415837
leaf_weight=10.412623003125189 6.2011604607105246 22.617551729083061 15.35259836912155 15.756091654300688 137.22128528356552
leaf_count=45 24 72 63 49 494
internal_value=0.000157572 0.000743802 0.000298364 0.00516817 -0.000939088
internal_weight=207.561 197.149 190.948 38.3736 152.574
internal_count=747 702 678 121 557
is_linear=0
shrinkage=0.02


Tree=155
num_leaves=9
num_cat=0
split_feature=2 4 12 12 26 2 18 16
split_gain=7.16364 3.7358 4.13641 3.3694 1.85721 2.46598 1.84852 1.51911
threshold=95.869048364445476 -2.1978881149999996 0.71108483333333339 0.84206560000000019 7.5000000000000009 117.55842555020992 2.1135683333333337 0.84009216666666708
decision_type=2 2 2 2 2 2 2 2
left_child=1 -1 -3 -4 6 -6 7 -2
right_child=4 2 3 -5 5 -7 -8 -9
leaf_value=0.014764523880791169 -0.0066070677753287659 -0.011807914455120595 0.012190498422621696 0.0013302417376157825 -0.00050490792232984593 -0.014950442708722063 0.0061083547230103667 0.0035365806916002798
leaf_weight=8.1464122235774976 30.472994983196259 7.7313859015703192 11.74833884835243 122.38481891155243 7.4185834079980877 14.07265169918537 6.4586059004068366 6.3204049170017234
leaf_count=22 136 26 36 379 30 69 25 24
internal_value=-4.91551e-05 0.00234078 0.00151501 0.00237943 -0.00556846 -0.0102971 -0.00299411 -0.00476419
internal_weight=214.754 150.011 141.865 134.133 64.7432 21.4912 43.252 36.7934
internal_count=747 463 441 415 284 99 185 160
is_linear=0
shrinkage=0.02


Tree=156
num_leaves=13
num_cat=0
split_feature=2 12 24 9 1 8 10 8 22 0 1 18
split_gain=7.77586 3.97502 4.23232 3.35349 2.8956 2.77614 2.72756 3.88782 2.10921 1.51389 2.52147 1.0759
threshold=16.84917927757181 1.5721972000000002 0.51309079809079816 0.53736772486772499 1462.9045474973911 1.0291335000000004 2.1666666666666674 1.0720851666666671 1.3086509666666668 1464.4300547667096 1555.1928138917863 0.84100316666666686
decision_type=2 2 2 2 2 2 2 2 2 2 2 2
left_child=5 2 3 -2 -4 -1 8 -8 -3 10 -7 -11
right_child=1 6 4 -5 -6 9 7 -9 -10 11 -12 -13
leaf_value=0.0040366718667371329 0.0044165914058669608 0.013338307444149197 -0.015017202486582315 -0.004969315732457181 -0.0022489263468885015 -0.009068857831432596 0.0072603468457598944 -0.0072035915842369189 0.0037484950233260339 -0.0042697887020934 0.0011403457077134272 -0.014814163820170548
leaf_weight=8.9787139296531659 65.701754152774811 21.381217241287231 9.040234833955763 18.656136631965637 27.720067739486694 21.215547651052475 16.028589278459553 12.149105221033095 18.585013568401337 7.4511337876319912 16.234776943922043 14.220127344131468
leaf_count=25 180 63 25 51 80 65 46 35 54 25 51 47
internal_value=-8.00713e-05 0.00199938 -0.00016745 0.00228352 -0.00575646 -0.00583345 0.00582632 0.000922372 0.00912805 -0.00740789 -0.00467658 -0.0116252
internal_weight=257.362 189.262 121.118 84.3579 36.7603 68.1003 68.1439 28.1777 39.9662 59.1216 37.4503 21.6713
internal_count=747 534 336 231 105 213 198 81 117 188 116 72
is_linear=0
shrinkage=0.02


Tree=157
num_leaves=7
num_cat=0
split_feature=8 0 2 23 17 18
split_gain=2.96161 2.35241 3.46052 2.98104 3.72577 1.53287
threshold=0.6482315000000004 1427.8219395283616 -8.7392584573514096 0.82162420000000003 1.4658990000000003 0.61184133333333357
decision_type=2 2 2 2 2 2
left_child=-1 2 -2 5 -5 -3
right_child=1 3 -4 4 -6 -7
leaf_value=-0.0097721477715655668 0.00032252007652096916 -5.049025642613987e-05 0.015755585833685963 -0.0018263740936830066 0.0043773731730093147 -0.012415347230113923
leaf_weight=10.330494627356527 15.081428587436678 6.8131364285945919 8.7912120521068555 90.286093473434448 66.050117924809456 10.078003585338591
leaf_count=45 48 25 26 332 234 37
internal_value=0.000161103 0.000738526 0.00649118 -7.54814e-05 0.000793084 -0.00782129
internal_weight=207.43 197.1 23.8726 173.227 156.336 16.8911
internal_count=747 702 74 628 566 62
is_linear=0
shrinkage=0.02


Tree=158
num_leaves=9
num_cat=0
split_feature=23 4 0 18 18 16 22 23
split_gain=5.24354 4.53363 3.26512 2.87976 5.62092 4.8556 1.6586 0.75357
threshold=0.82162420000000003 -1.0551036099999995 1583.7827765255765 1.3893891666666671 1.1615111666666667 0.35582533333333344 1.4190632000000003 1.2530131000000002
decision_type=2 2 2 2 2 2 2 2
left_child=1 -1 3 4 -2 -5 -4 -8
right_child=2 -3 6 5 -6 -7 7 -9
leaf_value=0.015439339702602677 -0.0017757295249325659 -0.00090185521011548037 -0.012979914969318994 -0.0050658836890357366 0.008263061055531604 0.010063408637898476 -0.0062613893928842096 0.0034549823912135573
leaf_weight=14.159343451261522 56.379008129239082 11.715781792998312 12.092476308345796 65.27028401196003 35.397977933287621 8.7157451212406141 6.0495613962411863 4.6962619870901108
leaf_count=39 179 39 64 241 110 25 27 23
internal_value=-5.0545e-05 0.00820768 -0.00123139 -0.000222321 0.00212196 -0.00314651 -0.00815489 -0.00191213
internal_weight=214.476 25.8751 188.601 165.763 91.777 73.986 22.8383 10.7458
internal_count=747 78 669 555 289 266 114 50
is_linear=0
shrinkage=0.02


Tree=159
num_leaves=13
num_cat=0
split_feature=2 12 24 5 4 8 10 8 22 0 0 19
split_gain=7.51114 3.85207 4.09873 3.0987 2.98803 2.71676 2.66845 3.7824 2.05929 1.4937 2.49304 1.10979
threshold=16.84917927757181 1.5721972000000002 0.51309079809079816 0.038015873015872927 -0.30710399999999988 1.0291335000000004 2.1666666666666674 1.0720851666666671 1.3086509666666668 1464.4300547667096 1427.8219395283616 0.66485366485366493
decision_type=2 2 2 2 2 2 2 2 2 2 2 2
left_child=5 2 3 -2 -4 -1 8 -8 -3 10 -7 -11
right_child=1 6 4 -5 -6 9 7 -9 -10 11 -12 -13
leaf_value=0.0040092096660914586 0.0061734785243421344 0.013174013490251912 -0.0013666878651040749 -0.0013989510856688115 -0.013322661732122694 -0.0098147528343244181 0.0071447288664789393 -0.0071266467464890541 0.0036874155591436332 -0.014750785393510211 0.00027637065155449852 -0.0040852971419424369
leaf_weight=8.9793054163455945 40.42563134431839 21.292030155658722 24.386983335018158 43.902084499597549 12.317500084638594 17.764597296714783 15.99120143055916 12.155663102865217 18.570082932710648 14.131633818149568 19.593811929225922 7.4082128405570975
leaf_count=25 111 63 71 120 34 56 46 35 54 47 60 25
internal_value=-8.4285e-05 0.00195897 -0.000173694 0.00223754 -0.00567892 -0.00574966 0.00573085 0.000879743 0.00900195 -0.00731293 -0.00460077 -0.0115153
internal_weight=256.919 189.041 121.032 84.3277 36.7045 67.8776 68.009 28.1469 39.8621 58.8983 37.3584 21.5398
internal_count=747 534 336 231 105 213 198 81 117 188 116 72
is_linear=0
shrinkage=0.02


Tree=160
num_leaves=8
num_cat=0
split_feature=8 1 2 3 12 25 2
split_gain=2.8941 2.33325 4.14414 3.79228 3.64661 3.42262 2.22135
threshold=0.6482315000000004 1557.4184575379943 55.695739367423478 -1.0000000180025095e-35 1.4388450000000004 1.9000000000000001 -119.12766305796821
decision_type=2 2 2 2 2 2 2
left_child=-1 2 4 -4 -2 -3 -7
right_child=1 5 3 -5 -6 6 -8
leaf_value=-0.0096904603947496146 0.0033083156976280509 -0.011639361454221071 -0.0056677801302064739 0.0024314244666539548 0.015563472473458026 0.0071600403249550398 -0.0037357675339442986
leaf_weight=10.253555178642271 47.696387946605682 12.684218242764471 36.689386591315269 58.604940757155418 11.747119128704069 11.102380022406576 18.530101031064991
leaf_count=45 155 48 149 212 36 36 66
internal_value=0.000164027 0.000733234 0.0018801 -0.000692567 0.00598067 -0.00336087 0.000381739
internal_weight=207.308 197.055 154.738 95.2943 59.4435 42.3167 29.6325
internal_count=747 702 552 361 191 150 102
is_linear=0
shrinkage=0.02


Tree=161
num_leaves=11
num_cat=0
split_feature=2 18 16 18 18 8 8 5 25 1
split_gain=6.79165 3.98785 4.61871 3.05213 7.27454 4.35097 2.90678 2.45847 1.40299 3.29745
threshold=100.88496331995215 1.3893891666666671 0.35582533333333344 1.1466273333333337 1.0015781666666672 1.8646983333333338 1.2423418333333338 0.26821428571428568 0.63333333333333341 1449.1194753383957
decision_type=2 2 2 2 2 2 2 2 2 2
left_child=1 3 6 4 -1 -5 -3 8 -2 -10
right_child=7 2 -4 5 -6 -7 -8 -9 9 -11
leaf_value=0.0059431644308750985 -0.012627920122027203 0.0028455444060067328 0.010390017762229238 0.0042683653693235176 -0.008265329301847358 0.020373147135838664 -0.0081119347619071532 0.0057465568775888756 0.0046694555890510678 -0.0081706628991391281
leaf_weight=51.045598670840263 13.607033610343931 12.854911908507345 8.5369053184986097 22.729451403021812 18.896168142557144 9.3122630119323713 31.561101853847504 5.7473958432674399 9.8217142671346647 30.075211435556412
leaf_count=148 61 44 24 69 59 27 110 24 43 138
internal_value=-4.84669e-05 0.00214591 -0.00225419 0.00444971 0.00201387 0.00948435 -0.00490375 -0.00576013 -0.00711563 -0.00492393
internal_weight=214.188 154.936 52.9529 101.983 69.9418 32.0417 44.416 59.2514 53.504 39.8969
internal_count=747 481 178 303 207 96 154 266 242 181
is_linear=0
shrinkage=0.02


Tree=162
num_leaves=12
num_cat=0
split_feature=2 12 21 8 8 10 8 3 4 7 0
split_gain=7.2647 3.78151 5.02264 3.3862 3.16581 2.71999 3.50045 2.27006 1.869 1.85505 2.56941
threshold=28.061172678801999 1.5721972000000002 0.20452383000000005 0.96681283333333345 1.0782050000000003 2.1666666666666674 1.0720851666666671 -1.0000000180025095e-35 -0.87387859000000001 0.74365000000000014 1476.3104747605059
decision_type=2 2 2 2 2 2 2 2 2 2 2
left_child=3 2 4 -1 -2 7 -7 -3 -4 -5 -11
right_child=1 5 8 9 -6 6 -8 -9 -10 10 -12
leaf_value=0.0059693783617474306 -0.0050005644309787838 0.014883231247983473 -0.00088792496250939966 0.00065153970715808699 0.0042468146572323664 0.007031445330535375 -0.0067940645289340951 0.0047089474184575601 -0.012754864406871833 -0.0047532803065535398 -0.013745147596127867
leaf_weight=9.2365636825561506 17.99825456738472 16.341164171695709 9.2573714554309863 12.168724089860914 65.202706575393677 15.953938871622087 11.847771257162092 22.303146034479141 13.423938512802122 43.797692090272903 18.946311056613922
leaf_count=25 49 49 27 37 178 46 34 65 38 136 63
internal_value=-8.77812e-05 0.00225476 -8.35922e-05 -0.00487867 0.00218701 0.00595659 0.0010389 0.0093286 -0.00823785 -0.00630357 -0.00767289
internal_weight=256.478 172.328 105.882 84.1493 83.201 66.446 27.8017 38.6443 22.6813 74.9127 62.744
internal_count=747 486 292 261 227 194 80 114 65 236 199
is_linear=0
shrinkage=0.02


Tree=163
num_leaves=8
num_cat=0
split_feature=8 1 2 3 12 2 4
split_gain=2.8274 2.27736 4.02632 3.69741 3.54003 2.47663 2.4012
threshold=0.6482315000000004 1557.4184575379943 55.695739367423478 -1.0000000180025095e-35 1.4388450000000004 -111.80423247152702 -0.91159899999999994
decision_type=2 2 2 2 2 2 2
left_child=-1 2 4 -4 -2 -3 -7
right_child=1 5 3 -5 -6 6 -8
leaf_value=-0.0096093186541818861 0.0032600041608833483 0.003216108987262795 -0.0056060495943121369 0.0023990334084182828 0.01531520170299119 -0.014092988663229769 -0.0019443296773719663
leaf_weight=10.176894560456274 47.75068923830986 14.272461846470831 36.550393015146255 58.650012671947479 11.799797937273977 10.072078958153723 17.881546735763553
leaf_count=45 155 47 149 212 36 37 66
internal_value=0.000165824 0.000726949 0.00185907 -0.000679903 0.00589523 -0.00332283 -0.0067263
internal_weight=207.154 196.977 154.751 95.2004 59.5505 42.2261 27.9536
internal_count=747 702 552 361 191 150 103
is_linear=0
shrinkage=0.02


Tree=164
num_leaves=9
num_cat=0
split_feature=2 23 12 12 5 25 1 8
split_gain=6.6042 4.1152 3.22069 3.39294 2.42009 1.38881 3.23689 0.535433
threshold=100.88496331995215 0.8021391000000001 0.71108483333333339 0.8517106000000001 0.26821428571428568 0.63333333333333341 1449.1194753383957 1.3113901666666672
decision_type=2 2 2 2 2 2 2 2
left_child=1 7 -3 -4 5 -2 -7 -1
right_child=4 2 3 -5 -6 6 -8 -9
leaf_value=0.0058615108593009025 -0.012554894744160244 -0.0098058716750151452 0.011137882540650226 0.0005746315596341702 0.0057103604148857432 0.0046226289230564353 -0.0081002604485397242 0.014179830815390078
leaf_weight=9.4734545350074786 13.488390818238257 9.4506520926952344 12.714477986097334 113.80054767429829 5.7542888075113288 9.8370150774717313 29.904140308499336 9.4388359785079938
leaf_count=27 61 31 39 358 24 43 138 26
internal_value=-4.61468e-05 0.00211481 0.000848683 0.00173092 -0.00569432 -0.00704664 -0.00486575 0.0106171
internal_weight=213.862 154.878 135.966 126.515 58.9838 53.2295 39.7412 18.9123
internal_count=747 481 428 397 266 242 181 53
is_linear=0
shrinkage=0.02


end of trees

feature_importances:
elo_diff_pre=229
home_roll_xg_for_5=130
home_elo_pre=121
home_roll_xg_against_3=93
away_elo_pre=87
home_roll_xg_for_3=82
away_roll_xg_for_3=82
away_roll_xg_diff_3=78
home_roll_xg_against_5=68
diff_roll_xg_5=67
away_roll_xg_against_3=65
diff_roll_sotr_5=64
home_roll_sotr_3=62
away_roll_xg_for_5=58
away_roll_xg_diff_5=57
away_roll_sotr_5=56
away_roll_sotr_3=50
home_roll_sotr_5=48
away_roll_xg_against_5=44
diff_rest_days=32
home_roll_ppg_5=31
home_roll_ppg_3=30
home_rest_days=26
home_roll_xg_diff_3=23
home_roll_xg_diff_5=22
away_roll_ppg_5=22
away_rest_days=17
away_roll_ppg_3=8

parameters:
[boosting: gbdt]
[objective: multiclass]
[metric: multi_logloss]
[tree_learner: serial]
[device_type: cpu]
[data_sample_strategy: bagging]
[data: ]
[valid: ]
[num_iterations: 1000]
[learning_rate: 0.02]
[num_leaves: 15]
[num_threads: 4]
[seed: 42]
[deterministic: 0]
[force_col_wise: 0]
[force_row_wise: 0]
[histogram_pool_size: -1]
[max_depth: 4]
[min_data_in_leaf: 25]
[min_sum_hessian_in_leaf: 0.001]
[bagging_fraction: 0.8]
[pos_bagging_fraction: 1]
[neg_bagging_fraction: 1]
[bagging_freq: 0]
[bagging_seed: 400]
[bagging_by_query: 0]
[feature_fraction: 0.8]
[feature_fraction_bynode: 1]
[feature_fraction_seed: 30056]
[extra_trees: 0]
[extra_seed: 12879]
[early_stopping_round: 0]
[early_stopping_min_delta: 0]
[first_metric_only: 0]
[max_delta_step: 0]
[lambda_l1: 0.1]
[lambda_l2: 1]
[linear_lambda: 0]
[min_gain_to_split: 0]
[drop_rate: 0.1]
[max_drop: 50]
[skip_drop: 0.5]
[xgboost_dart_mode: 0]
[uniform_drop: 0]
[drop_seed: 17869]
[top_rate: 0.2]
[other_rate: 0.1]
[min_data_per_group: 100]
[max_cat_threshold: 32]
[cat_l2: 10]
[cat_smooth: 10]
[max_cat_to_onehot: 4]
[top_k: 20]
[monotone_constraints: ]
[monotone_constraints_method: basic]
[monotone_penalty: 0]
[feature_contri: ]
[forcedsplits_filename: ]
[refit_decay_rate: 0.9]
[cegb_tradeoff: 1]
[cegb_penalty_split: 0]
[cegb_penalty_feature_lazy: ]
[cegb_penalty_feature_coupled: ]
[path_smooth: 0]
[interaction_constraints: ]
[verbosity: -1]
[saved_feature_importance_type: 0]
[use_quantized_grad: 0]
[num_grad_quant_bins: 4]
[quant_train_renew_leaf: 0]
[stochastic_rounding: 1]
[linear_tree: 0]
[max_bin: 255]
[max_bin_by_feature: ]
[min_data_in_bin: 3]
[bin_construct_sample_cnt: 200000]
[data_random_seed: 175]
[is_enable_sparse: 1]
[enable_bundle: 1]
[use_missing: 1]
[zero_as_missing: 0]
[feature_pre_filter: 1]
[pre_partition: 0]
[two_round: 0]
[header: 0]
[label_column: ]
[weight_column: ]
[group_column: ]
[ignore_column: ]
[categorical_feature: ]
[forcedbins_filename: ]
[precise_float_parser: 0]
[parser_config_file: ]
[objective_seed: 16083]
[num_class: 3]
[is_unbalance: 0]
[scale_pos_weight: 1]
[sigmoid: 1]
[boost_from_average: 1]
[reg_sqrt: 0]
[alpha: 0.9]
[fair_c: 1]
[poisson_max_delta_step: 0.7]
[tweedie_variance_power: 1.5]
[lambdarank_truncation_level: 30]
[lambdarank_norm: 1]
[label_gain: ]
[lambdarank_position_bias_regularization: 0]
[eval_at: ]
[multi_error_top_k: 1]
[auc_mu_weights: ]
[num_machines: 1]
[local_listen_port: 12400]
[time_out: 120]
[machine_list_filename: ]
[machines: ]
[gpu_platform_id: -1]
[gpu_device_id: -1]
[gpu_device_id_list: ]
[gpu_use_dp: 0]
[num_gpu: 1]

end of parameters

pandas_categorical:[]
